id,first_name,last_name,email,gender,salary,creationDate,bonus
1,Valene,Ingley,vingley0@livejournal.com,Female,44104,9/9/1957 16:44,
2,Lynnelle,Hurll,lhurll1@answers.com,Female,112411,5/10/1907 17:38,
3,Miranda,Train,mtrain2@imgur.com,Female,91073,1/24/1941 16:05,12875.54
4,Dulsea,Foss,dfoss3@dagondesign.com,Female,193291,5/9/1942 20:59,
5,Anatol,Dunklee,adunklee4@google.de,Male,22175,7/26/1950 16:28,1432.12
6,Baily,Antony,bantony5@sfgate.com,Male,127337,10/14/1913 11:25,
7,Eunice,Cardus,ecardus6@scientificamerican.com,Female,136574,11/2/1901 15:09,38676.94
8,Aubrette,Lippett,alippett7@nifty.com,Female,165713,12/16/1919 8:20,60150.66
9,Sibylla,Sickamore,ssickamore8@facebook.com,Female,107243,3/15/2020 15:00,
10,,Altree,paltree9@dropbox.com,Female,197594,6/21/1975 23:27,72533.37
11,Coop,Richt,crichta@sogou.com,Male,19964,2/13/1939 16:18,56973.41
12,Giuseppe,Scimoni,gscimonib@craigslist.org,Male,176531,4/6/1967 7:23,
13,Lovell,Iorizzo,liorizzoc@cpanel.net,Male,189150,6/6/1949 16:25,41474.8
14,Deb,Mogra,dmograd@bbc.co.uk,Female,197829,7/27/1997 14:55,46528.57
15,Hastings,Jelliman,hjellimane@histats.com,Male,179296,7/5/1915 7:02,80194.64
16,Josee,Burnep,jburnepf@php.net,,78569,11/8/1923 20:59,88925.13
17,Gilly,Fownes,gfownesg@redcross.org,Female,2527,7/30/1946 21:10,
18,,Schruyers,lschruyersh@desdev.cn,Male,109936,6/16/1979 1:12,37243.09
19,Maris,Chatelain,mchatelaini@unc.edu,Female,190047,1/11/2008 17:16,76469.65
20,Casper,Aughtie,caughtiej@vk.com,Male,38689,4/6/1982 5:13,80404.8
21,Kristo,Giraudy,,Male,152116,8/16/1962 21:27,5982.54
22,Becki,Conry,bconryl@examiner.com,Female,10203,2/7/2003 10:00,47067.23
23,Edie,Orniz,eornizm@moonfruit.com,Female,81920,10/3/1982 14:48,20019.85
24,Sharity,Fronks,sfronksn@economist.com,Female,169527,6/14/1951 19:32,4960.71
25,Vally,Dahlberg,vdahlbergo@dyndns.org,Female,80628,7/7/1924 6:20,60914.52
26,Effie,Maffioletti,emaffiolettip@posterous.com,Female,34228,3/23/1986 12:03,31496.73
,Lev,Jodlowski,ljodlowskiq@addtoany.com,Male,69824,,48592.15
28,Sallyanne,Iacobucci,,Female,2339,5/10/1939 11:30,66003
29,,Nibley,,Female,165764,8/30/2019 11:23,93953.74
30,Gretta,,gdeleat@webeden.co.uk,Female,134143,3/19/2001 12:19,
31,Blayne,Yuranovev,byuranovevu@blogtalkradio.com,Male,188551,7/27/1998 11:30,27111.81
32,Maud,Formby,mformbyv@macromedia.com,Female,182359,8/24/1964 11:02,77984.03
33,,Brauninger,pbrauningerw@wired.com,Female,128821,,51592.51
34,Archer,Olland,aollandx@blogs.com,Male,178365,,78036.07
35,Barn,Guido,bguidoy@tripadvisor.com,Male,191710,,37502.75
36,Olenolin,,omaestriniz@google.pl,Male,101428,9/27/1929 9:37,
37,Maggee,Rablin,mrablin10@mashable.com,Female,134344,10/8/2004 1:50,60163.15
38,Nikki,Woolner,nwoolner11@linkedin.com,Female,3792,5/13/1942 12:11,21054.48
39,Daniele,Baelde,dbaelde12@who.int,Female,85612,5/12/1988 8:40,
40,Farlee,Fincken,ffincken13@google.co.jp,Male,126873,6/14/1937 23:34,58907.18
41,Hartwell,Bartholomieu,hbartholomieu14@last.fm,Male,191999,3/8/1939 0:35,17747.19
42,Ellery,Eixenberger,eeixenberger15@squarespace.com,Male,157758,,35763.69
43,Adams,,acrossley16@hc360.com,Male,93428,9/17/2000 8:22,49390.74
44,Gilemette,Lockney,glockney17@ibm.com,Female,40386,,38024.15
,Stephana,Melladew,smelladew18@aol.com,Female,,,91281.13
46,Kristoforo,Sowray,,Male,131676,3/14/1959 16:01,27022.26
47,Moishe,Batstone,mbatstone1a@github.io,Male,128961,10/13/1902 11:30,23957.62
48,Weylin,Heatly,wheatly1b@ed.gov,Male,185564,10/27/2014 22:42,
49,Brendin,Willcott,bwillcott1c@google.pl,Male,97378,7/3/2012 4:01,79157.83
50,Maggie,Pancoust,mpancoust1d@parallels.com,Female,108630,7/16/1973 6:49,65867.23
51,Averil,Robottham,arobottham1e@chron.com,Male,10079,10/30/2008 20:44,43709.37
52,Dermot,Letchford,dletchford1f@auda.org.au,Male,199484,5/28/1902 14:22,19573.02
53,Jermaine,Clayborn,jclayborn1g@oakley.com,Female,20034,6/2/1901 0:16,86427.24
54,Thurstan,Bruni,tbruni1h@ftc.gov,Male,67502,3/9/1938 17:25,42727.15
55,Keslie,Withur,kwithur1i@elpais.com,Female,119875,8/12/1921 7:35,52439.3
56,Aurea,Sell,asell1j@barnesandnoble.com,Female,188985,3/13/1985 5:22,91796.18
57,Abrahan,Yesinov,ayesinov1k@amazon.co.jp,Male,25523,8/17/1984 16:52,86347.41
58,Leigh,,lminichillo1l@twitpic.com,Female,20052,4/15/2020 20:54,56567.49
59,Braden,Cobson,bcobson1m@paginegialle.it,Male,70224,2/23/2000 22:54,15797.4
60,Artemis,Glascott,aglascott1n@xrea.com,Male,86469,12/9/1955 1:29,85393.79
61,Britt,,bbrimilcombe1o@nba.com,Female,39787,9/12/1954 5:45,20968.38
,Lillian,,lcotsford1p@ning.com,Female,146590,,89071.5
63,Dede,Tolliday,dtolliday1q@time.com,Female,95890,1/21/2004 8:40,6285.56
64,Cordell,Baszkiewicz,,Male,89429,4/26/1998 3:44,50640.06
65,Ali,Digance,adigance1s@nydailynews.com,Female,190919,3/7/1925 9:09,74229.58
66,Babita,,bohickey1t@mit.edu,Female,,4/18/1930 10:11,33687.28
67,Aloise,Brombell,,Female,51529,2/16/1987 16:02,
,Shurlocke,Deaton,sdeaton1v@zimbio.com,Male,106416,12/5/1980 19:20,71722.91
,Joe,Kilbee,jkilbee1w@dedecms.com,Male,147066,10/21/1912 1:47,63886.43
70,Lianne,Boam,,Female,13695,4/8/1981 20:31,
71,Stephana,Van Merwe,svanmerwe1y@de.vu,Female,152649,,31465.01
72,Elmo,Polding,epolding1z@princeton.edu,,180688,9/6/1903 22:25,59278.96
73,Elly,Demaid,edemaid20@blog.com,Female,173319,4/26/2006 2:03,72090.96
74,Chrystal,Bach,cbach21@liveinternet.ru,Female,105551,1/4/1943 10:46,18256.5
75,Allina,Sposito,asposito22@japanpost.jp,Female,130641,1/10/1925 3:12,
76,Camey,Crallan,ccrallan23@earthlink.net,Male,147297,7/25/1911 23:37,
77,Robbert,Cavy,rcavy24@cbsnews.com,Male,,,54759.88
78,Jillian,Chasmar,,Female,18805,1/7/2019 2:06,93412.65
79,Alvan,Helsby,ahelsby26@people.com.cn,Male,19321,8/6/2001 15:41,30361.98
80,,Adney,cadney27@sfgate.com,Male,,11/9/1934 1:47,23219.27
81,Amity,Cauley,acauley28@miitbeian.gov.cn,Female,139251,1/25/1978 9:49,35265.62
82,Bekki,Shopcott,bshopcott29@hexun.com,Female,57186,7/3/1973 8:45,56144.88
83,Tiphanie,Maylor,tmaylor2a@feedburner.com,Female,73236,1/9/1989 6:42,56064.91
84,Meredith,Branwhite,mbranwhite2b@w3.org,Female,109873,9/22/1926 9:23,21334.37
85,,Learmouth,slearmouth2c@ebay.com,Female,60028,,
86,Nadeen,Kynforth,nkynforth2d@tamu.edu,Female,159072,12/22/1949 4:48,62716.27
87,Ambur,O'Suaird,aosuaird2e@state.gov,Female,161509,9/11/1975 1:52,91921.31
88,Pincus,MacEnelly,pmacenelly2f@dell.com,Male,25021,2/14/1976 19:36,76245.6
89,Gerome,Keattch,gkeattch2g@addthis.com,Male,103691,10/27/1903 1:12,82358.82
90,Annissa,Fearby,afearby2h@t.co,Female,158968,,71009.75
91,Nicolais,Rosenfelder,nrosenfelder2i@pcworld.com,Male,70478,,
92,Arman,Pendre,apendre2j@pbs.org,Male,138218,2/24/1922 21:14,39730.6
93,Buddie,Langman,blangman2k@ca.gov,Male,133565,1/27/1947 6:01,1120.37
94,Yardley,Helix,yhelix2l@alexa.com,Male,9142,,29067.57
95,Davey,Woodworth,,Male,8569,5/24/2000 18:03,92849.24
96,Katrina,Snoxall,ksnoxall2n@buzzfeed.com,Female,16459,4/22/1991 23:35,
97,Thorpe,Gabotti,,Male,167464,6/30/1982 21:33,8679.7
98,Joella,Edmunds,jedmunds2p@dropbox.com,Female,49283,6/9/1994 17:34,94776.88
,Darren,,,Male,111848,11/30/1940 2:35,6461.19
100,Shayna,Ealam,sealam2r@merriam-webster.com,Female,91202,1/15/1911 10:04,5846
101,Heywood,Castelijn,hcastelijn2s@patch.com,Male,132829,5/24/2021 22:45,23765.08
102,Reinaldos,Bowstead,rbowstead2t@booking.com,Male,31006,5/24/1994 15:06,33639.01
103,Robinetta,Veeler,rveeler2u@seattletimes.com,Female,183111,1/14/1902 9:58,83035.38
104,Ingrim,Schurig,ischurig2v@ebay.co.uk,Male,179798,11/3/1987 23:06,84816.1
105,Ainslie,Southby,asouthby2w@studiopress.com,Female,139651,6/29/1996 21:21,60812.27
106,Willamina,Tipens,wtipens2x@studiopress.com,Female,101895,7/31/1985 17:00,49591.52
107,Imelda,Gislebert,igislebert2y@forbes.com,Female,102901,3/30/1944 4:57,20451.02
108,Hall,Armand,harmand2z@discovery.com,Male,101117,,74931.58
109,Laure,,llarrat30@prnewswire.com,Female,101537,8/2/1957 20:43,75689.94
110,Ted,Shingler,tshingler31@cnn.com,Female,17444,7/25/1932 17:46,1167.49
111,Andriana,Thacke,athacke32@vinaora.com,Female,,8/30/1905 11:42,50726.43
112,Hobie,Surridge,hsurridge33@nature.com,Male,177924,9/12/1936 0:31,83681.26
113,Marketa,Kleyn,mkleyn34@pinterest.com,Female,17465,10/5/1942 4:07,26319.89
114,Hadrian,Emma,hemma35@booking.com,Male,62794,3/24/2023 14:50,75485.86
115,Gianina,,gbaylay36@google.com.hk,Female,183838,8/12/1998 8:42,87938.94
116,,Jados,,Male,56578,5/29/2002 6:33,
117,Chase,Jacks,cjacks38@sbwire.com,Male,135930,1/30/1949 7:05,27557.84
118,Karalynn,Scones,kscones39@weibo.com,Female,180007,,
119,Agneta,Boam,aboam3a@ask.com,Female,7959,9/9/1952 9:20,52832.42
120,Gerek,Holberry,gholberry3b@jugem.jp,Male,131807,9/5/1988 2:07,26810.31
121,Tristam,Sandhill,tsandhill3c@squidoo.com,Male,7634,1/24/1930 1:26,17641.17
122,Lorianna,Lambert-Ciorwyn,llambertciorwyn3d@nhs.uk,Female,120754,10/10/1905 2:13,84001.04
123,Malchy,Whitefoot,,Male,28052,8/5/1918 15:45,39117.02
124,Alvy,Delbergue,adelbergue3f@feedburner.com,Male,27766,2/7/1973 12:37,81525.63
125,Mallissa,Gillespey,mgillespey3g@goo.ne.jp,Female,187260,9/3/1978 10:25,
126,Tessy,Vokins,tvokins3h@eepurl.com,Female,71771,11/8/1981 22:43,17657.58
127,Basile,Erickson,berickson3i@csmonitor.com,Male,161183,,44534.16
128,Devlin,Skentelbury,dskentelbury3j@wikia.com,Male,137717,5/27/1937 13:32,70081.36
129,,Biggam,obiggam3k@usda.gov,Male,30012,2/19/1948 23:23,
130,Eldon,Faires,efaires3l@w3.org,Male,153915,8/14/1955 2:10,30667.89
131,Linell,Triswell,ltriswell3m@vk.com,Female,156567,8/29/1990 6:31,73594.16
132,Raymund,Aleixo,raleixo3n@ihg.com,Male,175973,10/30/2001 3:35,19416.57
,Eolanda,Antalffy,eantalffy3o@pen.io,Female,38260,4/15/1995 11:30,29464.72
134,Lonnard,Gillson,lgillson3p@webnode.com,Male,44131,3/6/1991 4:30,43496.79
135,Shepperd,Ferrieroi,sferrieroi3q@deviantart.com,Male,127947,6/28/1958 19:39,
136,Forster,Streatfeild,fstreatfeild3r@topsy.com,Male,83899,6/5/1953 22:30,12790.21
,Maddie,,mdorro3s@tamu.edu,Male,80998,9/5/1950 17:19,80741.62
138,Clarisse,Gemmill,cgemmill3t@cnet.com,Female,120336,5/17/1990 12:42,92904.85
139,Shaun,Morphey,smorphey3u@bloglovin.com,Male,108053,1/16/1912 11:32,
140,Gaelan,Trail,gtrail3v@163.com,Male,55120,6/23/1950 2:40,
141,Emmeline,Hullett,ehullett3w@abc.net.au,,172454,2/18/1973 8:07,96907.76
142,Erv,Griggs,,Male,144655,11/9/2007 22:05,95251.8
143,Benito,Seamen,bseamen3y@jigsy.com,Male,6716,6/27/1981 7:58,
144,Con,Burkin,cburkin3z@icio.us,Female,72198,4/17/1967 1:16,69140.97
145,Adele,Taylot,,Female,,1/14/1968 5:31,
146,Amargo,Tresvina,,Female,185482,4/26/1962 20:02,45135.71
147,Garreth,Dolder,gdolder42@amazon.com,Male,173639,4/6/1973 4:03,25892.81
148,Ulrika,Pashbee,upashbee43@engadget.com,Female,146319,7/11/1904 9:47,35213.68
149,Barnabe,Minget,bminget44@jiathis.com,Male,46335,6/24/2013 21:49,57513.21
150,Marys,Enticknap,menticknap45@sina.com.cn,Female,98237,4/18/1981 23:37,16654.75
151,Bibbie,Daverin,bdaverin46@imdb.com,Female,97893,7/24/2003 9:59,46615.02
152,Lorrin,Stopford,,Female,53416,7/11/1918 8:09,94705.56
153,Jozef,Drewes,jdrewes48@wikispaces.com,Male,16803,4/30/1949 12:53,54789.31
154,Else,Bernade,ebernade49@mapquest.com,Female,185008,10/21/1926 5:18,6977.89
155,Renard,Fullom,rfullom4a@networksolutions.com,Male,125663,4/1/1905 4:58,
156,Mathew,Yegorkov,myegorkov4b@hatena.ne.jp,Male,124231,11/11/1974 15:32,82271.49
157,Denney,Stalf,dstalf4c@tuttocitta.it,Male,149895,6/10/1966 17:08,
158,Nate,Imrie,nimrie4d@hud.gov,Male,,7/7/1928 2:02,
159,Amalie,Tomblin,atomblin4e@eepurl.com,Female,159917,1/28/1998 12:15,83375.38
160,Swen,Hinrichsen,shinrichsen4f@blinklist.com,Male,88408,7/19/1902 14:18,98721.92
161,Baldwin,Coch,bcoch4g@so-net.ne.jp,Male,45032,5/1/1999 23:05,65320
162,Sandor,Minster,sminster4h@weather.com,Male,188112,10/12/1925 10:41,2977.79
163,Jeffrey,Sugars,,Male,112937,8/15/1978 19:03,92001.92
164,Ingram,De La Cote,idelacote4j@woothemes.com,Male,45991,2/13/1923 9:20,59461.98
165,Kirk,Haddon,,Male,46136,7/12/1975 23:15,68143.38
166,Constance,Brackstone,cbrackstone4l@java.com,Female,145714,8/7/1936 4:16,
167,Bobette,Gandley,bgandley4m@paginegialle.it,Female,188691,6/14/1931 12:42,49596.41
168,Lilias,,lcolling4n@devhub.com,Female,103513,9/26/2007 18:02,92866.97
169,Jamesy,Gilby,,Male,153493,1/28/1971 4:00,27030.09
170,Wes,Lefeuvre,wlefeuvre4p@amazon.co.jp,Male,59702,,76938.46
171,Mendy,Langelaan,mlangelaan4q@bigcartel.com,Male,180783,8/15/1908 18:48,
172,Ruthi,Posner,rposner4r@cmu.edu,Female,160538,12/22/1964 14:56,11971.7
173,Kori,Bourne,kbourne4s@miitbeian.gov.cn,Female,96432,10/24/1971 21:24,8896.36
174,Arleyne,Chant,achant4t@mit.edu,Female,5902,10/19/2020 9:44,69630.15
175,Ivory,Butterick,ibutterick4u@ucla.edu,Female,85447,2/9/1985 8:06,60614.86
176,Morganne,Cawker,mcawker4v@omniture.com,Female,194847,8/4/1907 17:08,19822.6
177,Montague,Wroth,mwroth4w@amazon.co.jp,Male,195991,9/8/1971 16:39,27070.46
178,Tirrell,Castlake,tcastlake4x@flickr.com,Male,145007,,88040.71
179,Shayna,Craythorne,scraythorne4y@bravesites.com,Female,21069,10/28/1947 14:03,
180,Alwyn,Fitt,afitt4z@edublogs.org,Male,66251,,52693.11
181,Clareta,Grishukov,,Female,191748,7/21/1979 2:56,80877.97
182,Tremayne,Beers,tbeers51@imgur.com,,182456,2/11/1914 19:36,
183,Osbourn,Marrington,omarrington52@fastcompany.com,Male,31277,,78253.65
184,Lynn,Witnall,lwitnall53@webnode.com,Male,138227,11/23/1985 2:27,73273.66
185,Jocko,Boyington,jboyington54@chron.com,Male,112842,,21712.37
186,Tamara,Pursglove,tpursglove55@slideshare.net,Female,41748,9/18/1908 18:27,45388.68
187,Nichole,Gouldstone,ngouldstone56@taobao.com,Female,29265,6/7/1961 4:05,7354.63
188,Lotta,Rignall,lrignall57@printfriendly.com,Female,78360,12/11/1962 23:53,70725.08
189,Gwenni,Bullene,gbullene58@dot.gov,Female,104205,6/13/1923 8:58,28304.13
190,Dalston,Fielden,dfielden59@newyorker.com,Male,47936,11/7/1981 1:34,81713.81
191,Ingram,,imaffy5a@ted.com,Male,2146,6/26/1944 5:12,78815.04
192,Cirillo,Tennet,ctennet5b@tuttocitta.it,Male,83649,10/23/1910 2:07,88385.23
193,Ivett,Tampion,itampion5c@hud.gov,Female,186971,11/2/1964 18:30,62125.95
194,Ewen,Castledine,ecastledine5d@narod.ru,Male,147277,1/31/1976 0:21,71985.95
195,Elaine,Haston,ehaston5e@seattletimes.com,Female,86020,3/16/1992 10:49,
196,Jeanne,Rearie,jrearie5f@marriott.com,Female,104483,4/16/2011 15:51,
197,April,Wyllis,awyllis5g@simplemachines.org,Female,169845,,95643.86
198,,Caulier,ccaulier5h@booking.com,Female,90948,,
199,Lovell,Ingall,lingall5i@so-net.ne.jp,Male,125216,10/1/1974 23:30,99932.43
200,Tuckie,Ledster,tledster5j@ovh.net,Male,57201,11/13/1949 22:12,26717.68
201,Ki,Gammill,kgammill5k@mayoclinic.com,Female,158876,,85101.52
202,Junia,Petrovsky,jpetrovsky5l@cdc.gov,Female,76268,10/2/1993 3:32,12547.89
203,Gaye,Huggens,ghuggens5m@topsy.com,Female,197613,,33193.37
204,Annora,Sarll,asarll5n@oracle.com,Female,117198,12/13/1984 4:50,52265.79
205,Vaclav,Gravenor,vgravenor5o@reference.com,Male,12615,7/21/1951 10:11,39998.1
206,Aland,Shirt,ashirt5p@weebly.com,Male,132626,8/28/1996 19:40,62383.51
207,Aurilia,Cockshott,acockshott5q@blogger.com,Female,103188,11/3/1972 14:56,
208,Kenna,,kshipman5r@about.me,Female,183771,1/14/2011 14:32,46071.84
209,Lynnet,Walbrook,lwalbrook5s@eepurl.com,Female,44478,1/23/1977 22:45,3824.88
210,Glenn,Richardt,grichardt5t@mayoclinic.com,Male,178363,11/24/1922 12:45,
211,Fergus,Sidey,fsidey5u@t.co,Male,114890,7/4/1942 9:09,9579.74
212,Bryana,Pettican,bpettican5v@is.gd,Female,91062,1/30/1963 22:23,74084.94
213,,Achrameev,sachrameev5w@chron.com,Female,139198,10/21/1955 18:21,12049.78
214,Chucho,Stallion,cstallion5x@prlog.org,Male,105727,1/23/1973 10:55,21006.01
215,Krispin,Flear,kflear5y@imdb.com,Male,119445,11/22/2017 8:36,81101.16
216,Gherardo,Danieli,gdanieli5z@pen.io,Male,47208,10/6/1972 14:14,
217,Tremain,Hurry,thurry60@foxnews.com,Male,63949,10/18/2019 3:18,51129.56
218,Haleigh,Karmel,hkarmel61@foxnews.com,Male,103986,11/12/1946 6:04,35072.24
219,Whitaker,Fookes,wfookes62@networksolutions.com,Male,169323,1/25/1912 8:11,
220,Dario,Lugsdin,dlugsdin63@jalbum.net,Male,112233,8/16/1949 9:45,69686.08
221,Yves,Salmoni,ysalmoni64@usatoday.com,Male,68012,5/28/1909 21:22,49450.76
222,Kellby,Matteini,kmatteini65@xinhuanet.com,Male,182989,4/12/1905 11:33,
223,,Gladstone,cgladstone66@digg.com,Female,,,15444.48
224,Sofie,Robertelli,srobertelli67@bizjournals.com,Female,,12/12/1984 17:31,76724.22
225,Marcel,Leopold,mleopold68@redcross.org,Male,94918,5/19/1915 9:18,22704.72
226,Carolin,Van Zon,cvanzon69@google.com.hk,Female,111151,3/16/1971 6:44,
227,Sally,Brimblecomb,sbrimblecomb6a@usgs.gov,Female,87877,12/7/1928 0:20,92218.81
228,Tate,Frude,tfrude6b@gnu.org,Female,157298,8/17/2004 9:08,23225.22
229,Devland,Andreini,dandreini6c@netscape.com,Male,167651,,43230.57
230,Hi,Chaddock,hchaddock6d@netlog.com,Male,126734,6/7/2022 6:18,77772.79
231,Rodney,Rihosek,rrihosek6e@forbes.com,Male,64650,12/2/1955 20:30,
232,Benedicta,Vanne,,Female,90587,1/31/1969 7:14,70896.82
233,Ekaterina,Garretts,egarretts6g@livejournal.com,Female,113027,5/4/1930 23:50,71893.5
234,Karoline,,kcourson6h@ebay.com,Female,10091,8/8/1990 3:40,37406.11
235,Mag,Mowsley,mmowsley6i@dyndns.org,Female,13698,8/3/1952 21:06,37809.97
236,Raphaela,Potter,rpotter6j@washington.edu,Female,53646,,69020.84
237,Mirabel,Lacer,mlacer6k@ebay.com,Female,,2/4/1918 7:16,
238,Ax,,agiovannelli6l@wix.com,Male,83613,10/28/2002 8:53,76422.77
239,Darleen,Vousden,,Female,144541,6/15/2003 14:47,9511.66
240,Emmy,Whitbread,ewhitbread6n@t-online.de,Male,48628,12/6/2007 17:51,31308.85
241,Merwyn,Frugier,mfrugier6o@google.cn,Male,,6/21/1902 20:35,
242,Winnah,,,Female,192656,2/27/2022 9:44,74489.87
243,Vicki,Reeman,vreeman6q@amazonaws.com,Female,36559,4/11/1924 3:51,
244,Annie,Napolitano,anapolitano6r@wikimedia.org,Female,144948,12/23/1990 13:24,6805.04
245,Bea,Ansteys,bansteys6s@arstechnica.com,Female,42810,6/12/2017 5:15,83648.95
246,Averil,Denyagin,adenyagin6t@mashable.com,Male,141053,5/25/2014 21:03,40877.72
247,Elisabet,Napoleon,enapoleon6u@networkadvertising.org,Female,101715,2/19/1992 14:53,50140.96
248,Doll,Lattin,,Female,155558,6/7/1901 1:27,
249,Clevie,Maestrini,cmaestrini6w@amazon.co.uk,Male,189723,10/30/1934 13:30,27250.31
250,Liana,Minet,lminet6x@reference.com,Female,136715,9/26/1939 23:15,22576.81
251,Orelie,Terzza,oterzza6y@unc.edu,Female,62783,1/8/1910 4:28,4192.27
252,Burch,Hargess,bhargess6z@shop-pro.jp,Male,194091,11/4/1914 8:39,83395.4
253,Hadleigh,Egle of Germany,hegleofgermany70@studiopress.com,Male,109865,8/3/2017 9:42,83446.11
254,Mose,Dobbyn,mdobbyn71@lycos.com,Male,94684,1/12/1916 8:11,37859.77
255,Hermina,Ruddick,hruddick72@flickr.com,Female,67936,9/12/2012 4:00,15660.48
256,Audra,,,Female,141926,10/15/1972 10:21,
257,Vicki,Huddart,vhuddart74@nifty.com,,195466,5/26/1919 14:01,91780.06
258,Stephannie,Deyenhardt,sdeyenhardt75@canalblog.com,Female,141422,2/2/1969 14:14,82315.53
259,Tam,Westmarland,twestmarland76@opera.com,Male,63923,7/7/1996 5:27,69590.15
260,Belia,Sired,bsired77@go.com,Female,53317,2/13/1901 18:25,
261,Maurine,Isaacs,misaacs78@cafepress.com,Female,11142,7/23/1954 14:19,76999.9
262,Elston,,epaternoster79@1688.com,Male,187591,,80362.32
263,Alair,O'Henehan,,Male,14485,,9700.29
264,Claudianus,Akenhead,cakenhead7b@columbia.edu,Male,142437,3/7/1914 17:55,43622.13
265,Phyllida,Laurisch,plaurisch7c@stumbleupon.com,Female,84949,4/20/1981 20:22,85490.7
266,Sandie,Haffard,shaffard7d@skype.com,Female,102009,,
267,Conant,Ashbridge,cashbridge7e@list-manage.com,Male,11371,12/7/2001 8:01,25724.05
268,Gregorio,Castro,gcastro7f@meetup.com,Male,114274,6/25/1937 8:13,44249.76
269,Charlot,Rawlins,crawlins7g@vinaora.com,Female,127676,,8984.57
270,Alysa,Life,alife7h@google.pl,Female,34281,10/17/2000 1:24,15938.72
271,Bess,Linscott,blinscott7i@jiathis.com,Female,866,7/27/1902 3:09,
272,,Beavon,cbeavon7j@twitpic.com,Male,5943,1/6/2002 14:31,13197.61
273,Binni,Bestar,bbestar7k@paypal.com,Female,89590,12/30/1902 22:27,
274,Arturo,Sirette,asirette7l@goodreads.com,Male,95609,10/6/1953 8:04,40502.43
275,Carry,Dover,,Female,125806,1/20/1921 10:22,15114.61
276,Frazier,Macieiczyk,fmacieiczyk7n@desdev.cn,Male,5478,3/11/1907 14:36,52278.23
277,Belle,Rosson,brosson7o@myspace.com,Female,183940,2/22/1921 18:05,
278,Winslow,Estcourt,westcourt7p@addtoany.com,Male,34204,1/15/1923 6:51,12143.18
279,Joeann,Stenner,jstenner7q@google.cn,Female,61864,5/18/1939 16:17,64712.2
280,Orin,Axten,oaxten7r@nbcnews.com,Male,,4/22/1983 13:33,72797.45
281,Tomkin,Kuhne,tkuhne7s@tmall.com,Male,113561,9/2/1989 0:17,4547.14
282,Anet,Christoffe,achristoffe7t@biglobe.ne.jp,Female,8547,5/25/1940 14:07,30896.47
283,Olly,Bundock,,Male,56027,7/24/1963 6:07,3645.22
284,Shurlocke,Tante,stante7v@artisteer.com,Male,54604,6/12/2007 0:38,46176.05
285,Jolie,Deble,,Female,,1/15/1959 15:25,93432.65
286,,Craythorne,ccraythorne7x@skype.com,Male,2579,2/27/1998 6:48,
287,Dorthea,,dlahive7y@globo.com,Female,65238,9/26/2015 3:08,3677.69
288,Hadleigh,Pigny,hpigny7z@ucsd.edu,Male,55683,8/15/1960 10:10,25249.92
289,Rog,Leyman,rleyman80@eventbrite.com,Male,78505,6/10/1907 16:00,54676.07
290,Constantine,Woofendell,cwoofendell81@ebay.com,Female,196730,12/14/1922 11:55,10408.26
291,Kaitlyn,Riseley,kriseley82@craigslist.org,Female,36917,12/26/1988 21:14,14073.07
292,,Hayesman,hhayesman83@livejournal.com,Female,77272,6/17/1935 1:30,56077.96
293,Allison,O'Kerin,aokerin84@hao123.com,Female,142792,5/7/2001 17:13,51894.56
294,Nowell,Volke,nvolke85@comsenz.com,Male,45916,12/9/2009 14:29,27969.57
295,,Luis,cluis86@networksolutions.com,Male,107127,12/28/1952 5:03,14076.34
296,Ruthy,Cartmail,rcartmail87@cnbc.com,,141158,2/4/1988 1:48,95936.58
297,Holmes,Cases,hcases88@google.es,Male,134647,7/6/1903 15:08,90657.18
298,Lawrence,Aldine,laldine89@google.ru,Male,149934,12/13/1901 8:00,8214.18
299,Sloan,Dyet,sdyet8a@ocn.ne.jp,Male,90191,7/9/1933 16:28,5539.18
300,Mandie,Renoden,mrenoden8b@time.com,Female,62433,10/16/1975 21:51,10272.5
301,Sabina,,sstarkings8c@diigo.com,Female,150768,4/19/1927 20:33,96683.91
302,Kylen,Lugard,klugard8d@dell.com,Female,32081,4/9/1948 23:34,
303,Amaleta,Tulloch,,Female,78070,9/23/1922 22:46,
304,Mano,Johnsee,mjohnsee8f@dedecms.com,Male,8191,8/29/2006 3:39,24024.04
305,Sara,Coughtrey,scoughtrey8g@si.edu,Female,105509,10/18/1930 8:55,76932.91
306,Leola,,lcowland8h@shop-pro.jp,Female,79939,4/30/2009 1:45,
307,Alphonse,Guilayn,aguilayn8i@comcast.net,Male,3927,10/25/1959 13:28,
308,Trix,Roder,troder8j@usda.gov,Female,85305,5/5/1945 20:48,
309,Adelice,Briffett,abriffett8k@wix.com,Female,84968,1/12/1905 23:12,20162.01
310,Frederick,Janz,fjanz8l@nature.com,Male,71254,3/23/1933 7:32,1725.19
311,Armstrong,,agasparro8m@so-net.ne.jp,Male,99037,10/29/1988 0:44,76258.76
312,Toiboid,Kellington,,Male,32311,,33113.41
313,Molly,Tomkies,mtomkies8o@vimeo.com,Female,173690,7/20/1991 0:14,22919.12
314,Ava,,acanacott8p@vk.com,Female,12116,10/25/1965 9:37,73818.89
315,Anneliese,Marcoolyn,amarcoolyn8q@nsw.gov.au,Female,185184,,48797.6
316,Abramo,Mandry,amandry8r@state.gov,Male,7621,10/21/1917 20:01,
317,Ernestus,Najafian,,Male,188705,2/6/1995 20:18,88905.58
318,,Roggers,mroggers8t@woothemes.com,Female,39966,10/10/2009 5:03,77155.89
319,Helen-elizabeth,McGrayle,hmcgrayle8u@addthis.com,Female,32659,,22141.52
320,Alvinia,Sorel,asorel8v@reverbnation.com,Female,89057,4/19/1923 11:43,68472.37
321,,Leap,xleap8w@disqus.com,Male,149799,8/23/1953 2:20,87588.95
322,Bellina,Adolfsen,,Female,43796,6/8/1969 10:34,91227.24
323,Christye,Funnell,cfunnell8y@purevolume.com,Female,89307,11/14/2001 5:49,
324,Aigneis,Canavan,acanavan8z@mit.edu,Female,84721,10/5/1913 22:51,49213.31
325,Jaymie,Vasyaev,jvasyaev90@sogou.com,Male,192701,10/27/1934 23:35,11892.54
326,Marin,Hacquard,mhacquard91@ustream.tv,Female,12476,,63003.3
327,Lethia,Cottu,lcottu92@reference.com,Female,171148,5/24/1921 9:40,95162.64
328,Ange,,amackenzie93@homestead.com,Female,193575,6/24/2020 0:24,
329,Dyan,Garrie,dgarrie94@facebook.com,Female,121593,,90162.02
330,Godwin,,gbott95@umich.edu,Male,132723,12/25/1966 1:32,
331,Burch,Fowell,bfowell96@rakuten.co.jp,Male,128119,4/5/1923 1:34,74196.82
332,Vern,Marshal,,Male,26699,2/3/2016 9:02,97390.52
333,,Melross,tmelross98@privacy.gov.au,Male,155853,12/24/1958 8:44,62307.67
334,Ora,Worms,oworms99@mozilla.org,Female,66261,11/22/1980 20:15,
335,Odie,Gehrtz,,Male,99990,10/7/1971 3:28,42713.94
336,Clea,Brigge,,Female,2994,10/30/2001 4:22,50132.45
337,Glenna,Brownsmith,gbrownsmith9c@toplist.cz,Female,12458,,41658.86
338,Kimberlee,Stennine,kstennine9d@economist.com,Female,192475,9/8/2010 3:19,
339,Rivalee,Woodnutt,rwoodnutt9e@nps.gov,Female,182700,5/2/2010 16:22,78410.81
340,Desirae,Reskelly,dreskelly9f@who.int,Female,167923,1/15/1999 21:34,
341,Berthe,Fold,bfold9g@twitpic.com,Female,110542,2/10/1917 10:53,61335.12
342,Claudianus,Shoemark,cshoemark9h@yellowbook.com,Male,136324,8/28/1938 17:04,57666.23
343,,Bembridge,gbembridge9i@si.edu,Female,180711,5/22/1927 19:03,52224.98
344,Conchita,Glisane,cglisane9j@reverbnation.com,Female,57305,9/23/1942 4:25,53432.46
345,Helaine,Seegar,hseegar9k@yahoo.co.jp,Female,14930,3/14/1924 5:52,
346,Pietrek,Jacobson,pjacobson9l@yolasite.com,Male,32920,6/11/1922 10:59,80320.38
347,Noble,O'Fearguise,nofearguise9m@surveymonkey.com,Male,26410,7/30/1963 9:02,56495.9
348,Minette,Brute,mbrute9n@rambler.ru,Female,171825,4/10/1944 18:57,43863.88
349,Lisbeth,Jaukovic,ljaukovic9o@yandex.ru,Female,46788,8/3/1929 12:34,55609.74
350,Kingston,Franzoli,kfranzoli9p@spotify.com,Male,61717,4/19/1915 6:54,60499.01
351,Urbain,Viney,,Male,,8/22/1931 5:15,86246.33
352,Licha,Welland,lwelland9r@chron.com,Female,102108,7/7/1986 8:51,87246.08
353,Davin,MacAlees,dmacalees9s@adobe.com,Male,87702,,27734.77
354,Raynell,Spittles,rspittles9t@nymag.com,Female,169460,9/20/2015 3:20,72249.69
355,Todd,Grigolon,tgrigolon9u@skyrock.com,Male,,,
356,Elias,Birdsey,ebirdsey9v@tinypic.com,Male,156172,,80912.3
357,Marylynne,Arundale,marundale9w@multiply.com,Female,120078,11/10/1987 19:18,29442.05
358,Damara,Beardsell,dbeardsell9x@un.org,Female,50105,4/10/1994 21:00,94257.97
359,Waneta,Hasluck,whasluck9y@auda.org.au,Female,732,1/3/1920 17:38,18172.54
360,Rodrigo,Mepham,,Male,185402,,6399.33
,,Lewson,clewsona0@engadget.com,Male,12095,6/4/1991 19:39,53195.9
362,Itch,Shawe,ishawea1@histats.com,Male,39576,2/16/1914 22:53,69925.13
363,Eugenius,,ecawtherya2@latimes.com,Male,71884,5/2/1931 1:55,27188.45
364,Judye,Kezourec,,Female,105711,12/8/1910 2:48,51707.8
365,Westbrooke,Leak,wleaka4@imdb.com,Male,194105,1/29/2009 18:40,18732.86
366,,Minihan,eminihana5@i2i.jp,Female,156518,6/14/1982 7:46,47902.14
367,Grethel,Scurrey,,Female,58434,8/1/1948 19:20,12678.98
368,Clemens,Newlin,cnewlina7@disqus.com,Male,,8/22/1995 11:54,60298.82
369,Deloria,Carlyon,dcarlyona8@washington.edu,Female,197418,,
370,Hadrian,Purchon,hpurchona9@phpbb.com,Male,176231,12/23/1962 8:35,63604.03
371,Tina,MacGauhy,tmacgauhyaa@imageshack.us,Female,195820,6/17/2011 4:22,82450.45
372,Elsey,Gossage,egossageab@sakura.ne.jp,Female,,7/22/2020 15:52,93608.33
373,Gran,Lewsley,glewsleyac@hubpages.com,Male,,10/22/1992 19:51,18805.68
374,Jess,Vittori,jvittoriad@xing.com,Male,16961,,77784.07
375,Uta,Dreng,udrengae@sfgate.com,Female,29357,5/27/2001 4:57,98610.6
376,Isabella,Crepin,icrepinaf@narod.ru,Female,72401,7/1/1970 0:41,31631.82
377,Anna,Vlasenko,avlasenkoag@skyrock.com,Female,190489,9/16/1935 7:34,34286.39
378,Justinn,Attwell,jattwellah@earthlink.net,Female,71279,4/7/1901 15:31,
,Mic,Grumble,mgrumbleai@booking.com,Male,142905,4/26/1958 20:39,28650.36
380,Gunilla,Kordt,gkordtaj@fema.gov,Female,68199,12/5/2004 21:34,86725.42
381,Olwen,O'Scanlon,ooscanlonak@usa.gov,Female,184,10/11/2017 6:21,22415.01
382,Andy,Morch,amorchal@reuters.com,Female,41851,1/12/1911 0:10,99033.16
383,Alfonso,,afullbrookam@sciencedaily.com,Male,,12/19/2001 17:16,
384,Tom,Viscovi,,Male,106144,,67887.27
385,Katrinka,Newcomb,knewcombao@flavors.me,Female,175577,7/27/1958 3:57,67583.16
386,Beau,Stiggles,bstigglesap@istockphoto.com,Male,51045,8/17/1964 11:13,55247.43
387,Aldrich,Statefield,astatefieldaq@google.com.au,Male,34679,6/24/1976 15:59,12803.73
388,Chrysler,Fasse,cfassear@nih.gov,Female,66250,5/16/2005 17:11,78361.91
389,Frasier,Yurikov,,Male,181216,3/7/2020 20:18,40165.13
390,Madel,Galliver,mgalliverat@howstuffworks.com,Female,,9/22/1906 7:31,26811.44
391,Aretha,Kleinplatz,akleinplatzau@omniture.com,Female,68644,3/15/1956 22:33,77865.79
392,Henrik,Franey,hfraneyav@infoseek.co.jp,Male,62957,3/24/1996 21:14,20207.03
393,Lauri,Harburtson,lharburtsonaw@list-manage.com,Female,69566,9/10/1901 22:44,
394,Tomlin,Rojel,,Male,72088,12/6/1921 18:59,21822.27
395,Josephine,Boyn,,Female,76887,,
396,Shayne,Pelchat,spelchataz@cargocollective.com,Female,109011,11/25/1908 7:26,36023.94
397,Daile,Shemwell,dshemwellb0@craigslist.org,Female,57842,,77550.82
398,,Kellett,,Female,83329,2/18/1999 4:43,
399,Maiga,Terese,mtereseb2@harvard.edu,Female,46457,12/28/1955 21:48,
400,Euell,Woollacott,ewoollacottb3@deliciousdays.com,Male,102910,4/5/1983 6:51,14235.69
401,Wilma,Britch,wbritchb4@163.com,Female,183722,12/2/1941 14:30,16830.6
402,Roma,Molian,rmolianb5@sciencedirect.com,Male,140196,1/19/1932 22:08,86622.57
403,Royce,Cowcha,rcowchab6@tumblr.com,Male,192484,9/10/1939 11:33,64184.96
404,Yancey,Bentham,ybenthamb7@ucsd.edu,Male,111913,8/8/1988 20:18,
405,Eddie,Cramer,ecramerb8@cdbaby.com,Female,150459,2/21/1962 7:58,36515.66
406,Minda,Manes,mmanesb9@ucla.edu,Female,75287,1/12/1970 15:42,16913.15
407,Irwinn,Byres,,Male,171991,9/7/2017 7:56,94633.84
408,Ardine,Rides,aridesbb@github.com,Female,47380,12/7/1906 2:19,70595.24
409,Donia,Lyddiatt,dlyddiattbc@ftc.gov,Female,120857,5/26/1950 3:49,18991.2
410,Arturo,O'Kelly,aokellybd@slate.com,,93803,7/24/1941 22:46,
411,Guthrie,Need,gneedbe@mail.ru,Male,160745,,4784.99
412,Giselle,Carwithan,gcarwithanbf@loc.gov,Female,13523,9/9/1998 0:39,41452.79
413,Jemmie,Radbourn,jradbournbg@dropbox.com,Female,,,
414,Giacomo,,gbaumanbh@sun.com,Male,35895,4/8/1917 0:41,12826.63
415,Ardeen,Tedridge,,Female,34158,8/4/1932 6:52,
416,Reuven,Veare,rvearebj@fda.gov,Male,172685,2/24/2006 20:37,82442.89
417,Nickey,Matushevitz,nmatushevitzbk@ehow.com,Male,16105,2/13/1965 14:39,20717.11
418,Isa,,ihenkenbl@cbslocal.com,Male,147050,8/27/1909 16:52,89856.54
419,,Hatwell,shatwellbm@thetimes.co.uk,Male,165633,12/10/1972 20:46,85048.54
420,Idaline,Schenkel,ischenkelbn@va.gov,Female,172916,,86544.73
421,Darbie,Barwise,dbarwisebo@blogtalkradio.com,Female,106372,2/27/1954 19:42,42479.6
422,Cassaundra,Matijevic,cmatijevicbp@a8.net,Female,38734,10/16/1975 0:45,54954.44
423,Hollyanne,Flowith,,Female,43560,12/30/1947 3:22,40045.57
424,Bathsheba,Janks,,Female,20504,,69985.76
425,Minnnie,Patrickson,mpatricksonbs@amazon.de,Female,177875,9/16/1961 21:30,98330.97
426,Gardie,Ivetts,givettsbt@ucoz.ru,Male,124829,3/23/2023 18:45,
427,Abramo,de Grey,adegreybu@guardian.co.uk,Male,114789,10/25/1942 17:38,73977.03
428,Ellissa,Braidon,ebraidonbv@mac.com,Female,20746,7/17/1979 18:31,63958.02
429,Brennen,Skene,bskenebw@nymag.com,Male,68906,9/13/2021 8:04,66542.63
430,Margareta,Turn,mturnbx@deviantart.com,Female,,7/2/1934 11:26,87836.88
431,Ike,Dusting,idustingby@desdev.cn,Male,52631,2/9/1990 6:55,
,Lief,Rosellini,lrosellinibz@msu.edu,Male,30195,11/4/1909 23:38,40619.02
433,Codi,Diaper,cdiaperc0@unicef.org,Male,198167,6/20/1928 4:24,
434,Midge,Poate,mpoatec1@businessinsider.com,Female,25815,2/12/1950 1:53,28538.57
435,Estelle,Stapforth,estapforthc2@google.ca,Female,185809,11/29/1932 11:21,2536.97
436,Cy,,ccicettic3@smugmug.com,Male,7543,9/24/1980 12:56,16514.3
437,Hermie,Hazlegrove,hhazlegrovec4@bigcartel.com,Male,137271,8/30/1902 13:17,77492.44
438,Keefer,Oldcroft,koldcroftc5@ehow.com,Male,155298,5/1/1944 4:16,51563.8
439,,Gullivent,kgulliventc6@sohu.com,Male,180680,6/26/1990 1:44,74830.01
440,Zitella,Snaddon,zsnaddonc7@youku.com,Female,144408,3/14/1962 19:11,10678.65
441,Jeniffer,Lounds,jloundsc8@sbwire.com,Female,162628,,95485.89
442,Kris,Dangerfield,kdangerfieldc9@psu.edu,Female,78409,5/2/1924 5:13,9576.39
443,Audy,Cheale,achealeca@multiply.com,Female,,9/15/1994 6:24,16067.61
444,Daphne,Tewkesbury.,dtewkesburycb@bbb.org,Female,9276,9/29/1997 5:08,17431.39
445,Zack,Rollingson,,Male,51860,10/13/2007 2:26,80142.71
446,Nickie,Rospars,nrosparscd@unicef.org,Male,,1/27/1956 22:41,19947.69
447,Alaric,Huleatt,ahuleattce@github.io,Male,64116,11/3/2007 20:55,97197.66
448,,Cusack,acusackcf@etsy.com,Male,104457,7/19/1973 10:29,90295.56
449,Buiron,Kissack,bkissackcg@360.cn,Male,144104,3/30/1905 8:57,41561.9
450,Patience,Cherm,,Female,63690,5/10/1968 2:41,14090.21
451,Leland,Cherrie,lcherrieci@istockphoto.com,Female,97471,,
452,Carol,Gouldsmith,cgouldsmithcj@elpais.com,Female,181686,8/8/2004 15:55,45254.11
453,Verine,,vgorgerck@squidoo.com,Female,79133,2/18/1920 7:30,
454,Sophronia,Glyn,sglyncl@ucla.edu,Female,42820,11/17/1949 5:42,61802.23
455,Waylen,,,Male,198137,5/16/1949 21:33,31164.6
456,Glyn,Forward,gforwardcn@mail.ru,Female,188717,10/29/1966 21:07,62813.52
457,Gannon,Courtes,gcourtesco@jalbum.net,Male,31702,2/19/1967 10:41,96736.84
458,Belvia,Statersfield,bstatersfieldcp@dmoz.org,Female,102626,7/6/1915 15:32,83172.68
459,Teddy,Darbon,tdarboncq@miibeian.gov.cn,Male,52117,2/27/1961 2:37,54631.69
460,Aron,Darnody,adarnodycr@ucoz.com,Male,147727,9/25/2013 3:12,94045.64
,Toma,Fosse,tfossecs@shareasale.com,Female,58704,8/9/1963 0:14,20270.6
462,Ernestus,Dumbrall,edumbrallct@sakura.ne.jp,Male,27250,6/19/1920 15:31,72540.71
463,Boigie,Szimoni,bszimonicu@abc.net.au,Male,114146,12/18/2006 21:00,
464,Ericka,Livett,elivettcv@howstuffworks.com,Female,171119,5/6/1915 11:19,91679.21
465,Ezequiel,Lound,eloundcw@hibu.com,Male,195228,6/2/1936 21:01,10681.16
466,,Lakeman,glakemancx@google.com,Male,60804,4/12/2003 9:32,23162.92
467,Gabrielle,Fromant,gfromantcy@wikispaces.com,Female,94041,,91023.26
468,Alasdair,Draisey,adraiseycz@toplist.cz,Male,86601,,21822.06
469,Bertha,Glaserman,bglasermand0@amazon.co.jp,Female,179059,3/26/1901 16:19,77104.88
470,Blair,Dowtry,,Female,131024,1/31/2017 6:09,75723.5
471,Keefe,Allderidge,kallderidged2@springer.com,Male,189476,11/21/1940 16:10,86911.77
472,Stormy,Losty,slostyd3@toplist.cz,Female,62288,6/7/2020 21:47,
473,Dena,Wyon,dwyond4@uol.com.br,Female,4481,5/1/2009 11:41,95498.71
474,,Stoves,,Female,88064,1/17/1977 13:09,1273.86
475,Jordanna,Nursey,jnurseyd6@myspace.com,Female,196447,9/30/1988 3:51,51118.74
476,Drew,,,Male,86093,5/22/1994 16:07,
477,Sibbie,Fleote,,Female,81772,3/30/1980 21:36,2154.06
478,Brendin,Scorey,bscoreyd9@boston.com,Male,72108,7/29/2019 0:36,24685.71
479,Mitchell,Huie,mhuieda@biblegateway.com,Male,,7/31/1919 13:32,
480,Deena,Burnand,dburnanddb@delicious.com,Female,173259,,
481,Idette,Ullett,iullettdc@example.com,Female,33914,2/26/1902 5:07,82372.11
482,Jamison,McKeurton,,Male,189513,7/20/1987 1:12,62873.09
483,Galvan,Emanuel,gemanuelde@shareasale.com,Male,173561,10/8/2006 14:10,74900.25
484,,Jirsa,ojirsadf@youtu.be,Male,68779,8/16/1951 12:25,46137.26
485,Ode,Egentan,oegentandg@skype.com,Male,103944,1/19/1921 13:38,75814.63
486,Brose,Brownsworth,bbrownsworthdh@stumbleupon.com,Male,128985,7/3/2011 4:11,67290.02
487,Tandy,Geyton,tgeytondi@g.co,Female,63918,11/23/1998 4:26,
488,Hewe,Rove,hrovedj@flavors.me,Male,5798,2/9/1909 0:14,
489,Elisha,Hourihan,ehourihandk@apache.org,Male,70886,10/24/2017 9:25,
490,Norene,Cansdall,ncansdalldl@wired.com,Female,155852,5/9/1966 12:40,
491,Pamella,Kienzle,pkienzledm@parallels.com,Female,170227,2/23/1950 11:56,72759.38
492,Janella,Gant,,Female,71019,1/7/1966 0:10,
493,Guthrie,Simony,gsimonydo@cdc.gov,Male,184660,1/31/1928 7:05,6520.41
494,Fifi,Greber,fgreberdp@bbb.org,Female,183821,4/10/1935 3:30,37177.73
495,Ninetta,Fudge,nfudgedq@wired.com,Female,10986,6/15/1965 22:33,
496,Ambur,Beecroft,abeecroftdr@pagesperso-orange.fr,Female,129989,3/20/1982 23:26,46143.06
497,Norine,Klimkiewich,nklimkiewichds@amazon.de,Female,48733,6/19/1961 20:12,
498,Dore,Van der Krui,dvanderkruidt@purevolume.com,Female,65796,1/31/1941 16:20,38993.06
499,Quintus,Ogan,qogandu@goo.ne.jp,Male,86027,10/31/1937 13:29,88137.97
500,Charmion,Smooth,csmoothdv@weibo.com,Female,40136,9/2/1939 14:46,6278.83
501,Yurik,Maryon,ymaryondw@live.com,Male,87231,9/26/1997 12:18,48818.77
502,,Rayman,,Female,17454,4/18/1937 11:25,42655.34
503,Brittani,Egdal,,Female,,10/25/1968 17:10,68739.98
,Omero,Matas,omatasdz@hp.com,Male,139318,12/11/1916 3:49,50362.48
505,Guinevere,Dunwoody,gdunwoodye0@t.co,Female,9053,4/9/1942 16:08,88876.78
506,Brod,Carville,bcarvillee1@ustream.tv,Male,,12/27/1921 20:30,73498.58
507,Michaela,Bulbrook,,Female,,10/13/1912 18:43,65133.58
508,Kristian,Emerton,kemertone3@dropbox.com,Male,103327,7/15/1997 10:00,94775.91
509,Gert,Fridd,gfridde4@samsung.com,Female,195093,3/28/2014 8:22,27593.77
510,Quinta,Lassetter,qlassettere5@eventbrite.com,Female,,4/7/2022 3:46,65014.44
511,Leeanne,Bithany,lbithanye6@dagondesign.com,Female,163097,,23007.79
512,Shamus,Brusle,sbruslee7@comcast.net,Male,147416,7/5/1968 9:18,34372.69
513,Dillon,Johannesson,djohannessone8@foxnews.com,Male,111804,8/30/1934 17:06,2661.44
514,Borg,Casebourne,bcasebournee9@canalblog.com,Male,128114,12/18/1990 16:02,56005.73
515,Jeannette,Fitzhenry,jfitzhenryea@hugedomains.com,Female,109929,1/17/1915 9:28,59043.62
516,Gerek,Smalecombe,gsmalecombeeb@goo.gl,Male,172658,8/4/1997 21:47,18920.9
517,,Lammenga,jlammengaec@scientificamerican.com,Male,9523,8/14/1923 23:41,
,Brena,Demchen,bdemchened@examiner.com,Female,41678,7/23/2005 19:46,53963.95
519,Northrup,Fulford,nfulfordee@walmart.com,Male,152634,3/24/1939 8:21,21161.52
520,Kara,Indgs,kindgsef@ycombinator.com,,141385,,75555.27
521,Dilan,Shuxsmith,dshuxsmitheg@nasa.gov,Male,10073,10/6/1948 14:22,46953.35
522,Jorrie,Mustill,jmustilleh@nps.gov,,127842,11/17/1949 6:11,64231.61
,Chilton,,cparmeterei@netlog.com,Male,168550,4/11/1997 8:39,95145.55
524,Clementina,Matysiak,cmatysiakej@nationalgeographic.com,Female,71017,7/27/1903 17:48,39712.62
525,Dru,Janczyk,djanczykek@google.es,Female,46814,5/7/2022 7:58,84739.2
526,Tuck,Tilly,ttillyel@nsw.gov.au,Male,136991,4/23/1931 5:36,57911.37
527,Clarice,Auten,cautenem@answers.com,Female,3934,12/30/1914 17:40,
528,Reube,,rcheelen@washingtonpost.com,Male,101238,5/11/2006 23:40,83507.26
529,Woodrow,Gautrey,wgautreyeo@google.pl,Male,45693,9/1/1961 7:27,13447.15
530,Kerrin,Maddocks,,Female,56158,1/25/2000 8:26,84233.36
531,Gunther,,ghennigereq@posterous.com,Male,60053,5/12/2022 13:21,95624.81
532,Tarrah,Furlong,tfurlonger@sun.com,Female,131671,11/26/1939 4:58,39284.93
533,Josie,Busch,jbusches@craigslist.org,Female,73111,9/8/1923 9:37,51192.22
534,Tamarra,Kivits,tkivitset@wordpress.org,Female,27738,4/18/1923 22:41,
535,Gris,Filintsev,gfilintseveu@miitbeian.gov.cn,Male,145301,,61972.36
536,Birk,Steade,bsteadeev@fema.gov,Male,4156,1/8/1909 0:41,
537,Sullivan,Gyenes,sgyenesew@creativecommons.org,Male,63180,3/5/1952 12:17,99845.6
538,Temp,,ttorrejonex@bbb.org,Male,89284,12/17/1926 16:44,90051.89
539,Umeko,Pflieger,upfliegerey@msn.com,Female,66835,11/27/1949 8:40,56884.49
540,Samson,Hrinchenko,shrinchenkoez@howstuffworks.com,Male,78324,1/17/1978 16:15,76901.51
541,Brittaney,Houchin,bhouchinf0@dell.com,Female,189257,2/11/1936 15:29,6887.45
542,Heriberto,,hsurmeyersf1@un.org,Male,479,,51871.41
543,Andrea,Forrest,aforrestf2@tinypic.com,Female,129900,8/9/1902 0:26,
544,Marcelo,Gauford,mgaufordf3@umich.edu,Male,141357,3/4/1955 23:26,10052.49
545,Gilberto,Surcomb,gsurcombf4@cocolog-nifty.com,Male,193801,9/6/1927 4:45,72165.77
546,Cristobal,St. Pierre,cstpierref5@ow.ly,,68233,11/11/1921 7:34,18450.07
547,Ermina,Peiser,epeiserf6@flickr.com,Female,45032,1/10/1973 1:36,38205.46
548,Kahlil,Coey,kcoeyf7@live.com,Male,175688,7/31/1992 7:54,53036.65
,Jephthah,Roch,jrochf8@dion.ne.jp,Male,131213,12/19/1981 22:10,
550,Chere,Slamaker,,Female,172554,12/18/1999 12:05,
551,Herschel,Eatherton,heathertonfa@blog.com,Male,189697,8/26/1990 6:20,84259.15
552,Melesa,McPhail,mmcphailfb@elpais.com,Female,,5/26/1967 19:41,
553,Nona,Scroggs,nscroggsfc@jiathis.com,Female,48227,6/14/1923 18:16,11802.62
554,Delmar,Harverson,,Male,152862,10/21/1930 14:36,72838.03
555,Cissy,,claugheranfe@google.com,Female,100559,2/4/2015 11:57,22183.15
556,Hewett,Laise,hlaiseff@spiegel.de,Male,73833,9/7/1950 13:57,79124.64
557,Von,Rowet,vrowetfg@state.tx.us,Male,29369,3/10/1938 12:49,9834.03
,Mendy,Gyde,mgydefh@imgur.com,Male,68050,1/19/1977 7:21,26856.98
559,Sully,Bortolozzi,sbortolozzifi@amazon.co.uk,Male,26748,9/27/1993 9:35,
560,,Bomfield,bbomfieldfj@is.gd,Female,21934,3/5/1979 10:09,36957.71
561,Dukie,Burnsall,dburnsallfk@cloudflare.com,Male,187294,12/17/2003 23:26,4852.69
562,Alysia,Bremond,abremondfl@reference.com,Female,165912,2/16/1920 5:32,78713.97
,Torin,Phoenix,tphoenixfm@mozilla.org,Male,62173,4/3/2015 9:33,85868
564,Binnie,Cliburn,bcliburnfn@facebook.com,Female,17955,2/1/1938 22:11,41048.86
565,Melisenda,Figg,mfiggfo@a8.net,Female,185989,4/26/1920 19:22,52130.12
,Lacey,,licomfp@marriott.com,Female,193770,11/28/2012 4:46,66309.32
567,Read,Sherland,rsherlandfq@goo.gl,Male,158117,5/8/1963 11:28,78684.83
568,Luz,Abramin,labraminfr@spiegel.de,Female,48534,,
569,Blayne,Dawkins,bdawkinsfs@gizmodo.com,Male,37324,11/24/1917 15:33,48532.87
570,Christian,Signore,csignoreft@sciencedirect.com,Male,185475,,75399.39
571,Georgeta,Sly,gslyfu@blogger.com,Female,3780,4/5/1933 13:23,59437.96
572,Steffi,Lesser,slesserfv@yellowbook.com,Female,154249,12/5/1906 15:40,55051.04
573,Brigham,Abbot,babbotfw@thetimes.co.uk,Male,126536,10/7/2022 4:41,19305.45
574,Dill,Langstone,dlangstonefx@apache.org,,145590,2/7/1919 18:33,72661.34
575,Martina,Flement,mflementfy@stumbleupon.com,Female,169486,12/29/2011 3:17,68433.68
576,Denis,Hazeman,dhazemanfz@samsung.com,Male,181473,,
577,Bentley,Giovannilli,bgiovannillig0@ucla.edu,Male,34609,1/28/2005 21:39,19158.25
578,Avril,Fisk,afiskg1@disqus.com,Female,143151,9/24/1956 17:27,70055.43
579,Egbert,Pankhurst.,epankhurstg2@springer.com,Male,16911,9/11/1940 4:35,71311.8
580,Corissa,Guilloneau,cguilloneaug3@cdbaby.com,Female,43000,1/16/2023 14:22,60447.14
581,Kit,,khuygeg4@desdev.cn,Female,77904,4/5/1920 16:56,81591.85
582,Kristofer,,,Male,85926,11/15/1981 2:31,
583,,MacDaid,wmacdaidg6@omniture.com,Male,164771,5/24/1913 17:36,66491.57
584,Teresina,Ion,tiong7@discovery.com,Female,162042,9/2/1908 21:13,1543.11
585,Teodora,,tstennardg8@chronoengine.com,Female,158585,6/27/1924 19:26,56161.59
586,Hilly,,,Male,52253,5/26/2012 17:19,59059.01
587,Rosette,Conachy,rconachyga@acquirethisname.com,Female,,3/5/2015 12:08,51039.91
588,Lily,Cubbon,,Female,94648,9/25/1918 19:24,
589,Octavius,Bromehead,,Male,1415,12/2/1967 10:07,91689.47
590,Mayne,Gue,mguegd@hhs.gov,Male,29607,4/17/1956 2:24,89231.25
591,Horatius,Shawyers,hshawyersge@zdnet.com,Male,81166,6/29/1947 11:13,
592,Rafael,Moretto,rmorettogf@upenn.edu,Male,51006,11/22/1936 9:12,32415.43
593,Dennet,Bambrick,dbambrickgg@utexas.edu,Male,32622,4/3/1938 10:40,78208.45
594,Glenn,Schultes,gschultesgh@booking.com,Female,44031,11/1/2011 0:09,97658.4
595,Jayme,Slegg,jslegggi@soup.io,Male,16509,,22708.98
596,Marcellus,Oven,,Male,148798,2/27/1917 5:41,53433.23
597,Jinny,Wraight,jwraightgk@vkontakte.ru,,122026,8/23/1950 16:40,
598,Asher,Breckell,abreckellgl@tinypic.com,Male,24806,11/5/1962 22:54,
599,Kellina,Espinosa,kespinosagm@cnbc.com,Female,24042,1/9/1953 21:28,66676.57
,Alene,Daughtrey,adaughtreygn@whitehouse.gov,Female,60393,10/25/1956 1:04,74190.15
601,Tamra,Gravenall,tgravenallgo@etsy.com,Female,59624,4/15/1910 14:35,46063.72
602,Gearard,Fobidge,gfobidgegp@imgur.com,Male,,8/26/1992 22:04,
603,Randee,Borgne,rborgnegq@topsy.com,Female,87288,5/29/1925 5:55,63084.18
604,Joyce,Aleksandrev,jaleksandrevgr@si.edu,Female,85203,4/15/1909 7:12,72814.78
605,Loralie,Cranny,lcrannygs@xing.com,Female,69042,,69305.74
606,,Darwen,idarwengt@umich.edu,Female,96453,,65982.44
607,Jervis,,jkeizmangu@fastcompany.com,Male,6655,12/22/1951 19:26,27316.58
608,Robbi,Hustings,rhustingsgv@list-manage.com,Female,16116,11/8/1939 9:06,
609,Virginia,Towersey,vtowerseygw@github.io,Female,178930,,40007.98
610,Alaster,Bauldry,abauldrygx@dagondesign.com,Male,110045,,9829.78
611,Lenette,Comberbach,lcomberbachgy@unicef.org,Female,14179,12/8/1970 23:27,95778.14
612,Johan,Janko,jjankogz@surveymonkey.com,Male,99845,2/9/1974 20:54,
613,Gasparo,Clair,gclairh0@sina.com.cn,Male,98491,4/4/1969 5:00,34039.29
614,Laurice,Everard,,Female,77396,4/26/2019 11:52,
615,Parry,Slainey,pslaineyh2@ebay.co.uk,Male,7875,4/17/1903 17:41,7137.7
,Linnie,Morrowe,lmorroweh3@tiny.cc,Female,11124,10/19/1924 3:28,91271.34
617,Rosy,Maldin,rmaldinh4@reddit.com,Female,74491,8/20/1912 4:43,20104.67
618,Si,,sfitchetth5@globo.com,Male,66305,,68601.52
619,Ertha,Rugg,eruggh6@businesswire.com,Female,187753,10/26/1912 9:20,55038.41
620,Solly,Jans,sjansh7@state.gov,Male,129953,12/3/2018 11:46,30460.35
621,Orson,Powelee,opoweleeh8@merriam-webster.com,Male,131129,11/30/1911 8:57,9369
622,Lucie,Avramovitz,lavramovitzh9@geocities.com,Female,125609,8/30/1904 10:18,85116.28
623,Alexandre,Tolworthie,atolworthieha@usa.gov,Male,171181,1/27/1902 21:37,22245.64
624,Lonna,Tiffin,ltiffinhb@netvibes.com,Female,69787,5/19/1973 12:30,41086.42
625,Von,Di Lucia,vdiluciahc@samsung.com,Male,118851,4/14/1915 11:09,
626,Wally,Mingay,,Male,192033,8/1/1960 22:02,91213.96
627,Westbrook,Isherwood,wisherwoodhe@webeden.co.uk,Male,130568,2/27/1917 21:06,83528.91
628,Davita,Nelligan,dnelliganhf@wufoo.com,Female,103355,11/3/1968 0:39,
629,Suzi,Feaster,sfeasterhg@cam.ac.uk,Female,156152,10/30/2004 17:54,
630,Ezekiel,Ditchfield,editchfieldhh@webnode.com,Male,85495,10/6/1983 21:30,2417.37
631,Royal,Kenningham,,Male,48877,11/23/1902 12:36,55320.31
632,Huntington,McEntagart,hmcentagarthj@seattletimes.com,Male,123663,5/8/1922 6:50,9756.65
633,Missy,Kee,mkeehk@discuz.net,Female,59295,8/27/2004 14:06,64416.44
634,Isidora,Bellee,ibelleehl@hostgator.com,Female,172960,3/24/1935 22:14,24589.76
635,Dorotea,Kynan,dkynanhm@plala.or.jp,Female,156337,12/12/1987 9:26,98639.27
636,Kesley,Ravilus,,Female,127167,6/13/1979 3:23,91476.78
637,Vincenz,Lennon,vlennonho@blogger.com,Male,76849,6/17/1939 9:59,93469.7
638,Michaela,Huffey,mhuffeyhp@printfriendly.com,Female,138905,10/15/1920 4:09,15322.85
639,Denice,Elks,delkshq@blogspot.com,Female,71351,1/26/1950 3:33,74188.83
640,Josey,Medler,jmedlerhr@hud.gov,Female,47611,3/6/1936 5:44,26692.45
641,Eberhard,Padson,epadsonhs@xinhuanet.com,Male,144222,9/29/1983 18:33,25180.23
642,Bertrand,Southerns,bsouthernsht@netscape.com,Male,3649,9/23/1946 4:48,
643,Homere,Dorbin,hdorbinhu@bloomberg.com,Male,149520,5/14/2014 2:24,94569.12
644,Titus,,,,115794,7/29/1927 20:03,43906.14
645,,Hame,phamehw@ning.com,Male,,4/28/1904 23:32,56940.48
646,Glen,Drain,gdrainhx@npr.org,Female,35526,7/24/1976 20:04,16720.15
647,Maure,Tuff,,Female,101061,5/14/1961 22:51,24336.38
648,Deeann,Easum,deasumhz@diigo.com,Female,50466,,
649,Charline,Lauga,claugai0@tripod.com,Female,17081,1/3/1968 20:13,31885.33
650,,,mdacki1@mac.com,Male,88021,6/7/2004 20:13,63545.65
651,,Aloshkin,,Male,186916,3/6/1983 20:27,17436.03
652,Corri,Tribble,ctribblei3@cam.ac.uk,Female,41204,3/28/1929 6:01,88292.61
653,Jessie,Grgic,jgrgici4@census.gov,Female,20861,8/2/2013 12:38,99650.89
654,Danna,Ziebart,dziebarti5@devhub.com,Female,179508,,
655,Katine,MacKeever,,Female,35346,12/19/1907 20:15,33361.12
656,Arty,Hance,ahancei7@sbwire.com,Male,194998,5/16/2006 3:24,
657,Jard,Kieff,jkieffi8@irs.gov,Male,136579,10/10/1953 20:14,79418.84
658,Darcee,Sneezum,dsneezumi9@go.com,Female,44315,10/31/1987 11:57,
659,Caresa,Rudwell,crudwellia@topsy.com,Female,36260,8/1/1985 9:22,45737.19
660,Uriel,Hatter,uhatterib@msn.com,Male,121523,6/25/1997 8:03,35308.3
661,Sibel,Goulder,sgoulderic@4shared.com,Female,141525,12/18/1976 20:28,4794.28
662,,Gask,agaskid@tinyurl.com,Female,29027,4/30/1916 19:32,88414.6
663,Beulah,Yoselevitch,byoselevitchie@sphinn.com,Female,109598,7/13/1960 1:08,71348.34
664,Bogey,Orring,borringif@examiner.com,Male,,7/6/1988 23:58,98443.97
665,Eamon,Beastall,ebeastallig@example.com,Male,172004,6/21/1954 11:11,69621.9
666,Vilma,,vcriagih@youku.com,Female,78052,5/18/1911 1:58,55094.47
667,Cristen,James,cjamesii@desdev.cn,,,4/30/1960 13:59,37083.07
668,Shelley,,schivrallij@vinaora.com,Male,86895,3/23/1924 4:23,73042.61
669,Morse,Walczak,mwalczakik@irs.gov,Male,85196,,38298.3
670,Tara,Spriggin,tsprigginil@g.co,Female,5467,10/7/1999 10:40,43026.95
671,Anne-marie,Beatey,abeateyim@wired.com,Female,100375,10/5/1957 23:50,93879.13
672,Bria,Poone,,Female,34359,,
,Costanza,Fray,cfrayio@gizmodo.com,Female,86798,3/22/1935 6:53,31959.49
674,Myrlene,Moresby,mmoresbyip@freewebs.com,,31450,6/14/1972 3:14,
675,Rebeka,Streeton,rstreetoniq@clickbank.net,Female,70325,3/23/1993 3:16,9995.8
676,Dasya,Noller,dnollerir@godaddy.com,Female,16978,10/14/1991 16:20,79923.43
677,Lynette,Haskur,lhaskuris@ox.ac.uk,Female,40870,5/25/1929 17:22,74829.17
,Amerigo,Craighead,acraigheadit@storify.com,Male,68064,,16179.83
679,Shanon,Neaverson,sneaversoniu@posterous.com,Female,100659,11/11/1950 22:58,89753.28
680,Cherice,Allsebrook,callsebrookiv@ft.com,Female,107588,3/9/1970 9:54,89437.11
681,Rollie,Courtese,rcourteseiw@si.edu,Male,131046,1/8/1998 10:21,46057.91
682,Allissa,Bittany,abittanyix@stanford.edu,Female,111977,9/19/1909 14:48,73449.35
683,Monte,Finlry,mfinlryiy@addtoany.com,Male,85306,7/25/1904 4:24,86498.63
684,Torre,Dibb,tdibbiz@aboutads.info,Male,142591,,5202.06
685,Ulrike,Shillaber,ushillaberj0@jiathis.com,Female,173869,5/5/2019 7:31,94833.44
686,Darwin,,,,198016,5/31/1998 1:03,2014.72
687,Rodge,Torra,rtorraj2@deliciousdays.com,Male,86466,9/28/2003 5:55,96151.56
688,Gard,Burbank,gburbankj3@jalbum.net,Male,107176,3/5/1977 1:36,60259.89
689,Bernie,Frid,bfridj4@kickstarter.com,Male,28670,,61289.63
690,Marylee,Bluck,mbluckj5@indiegogo.com,Female,99672,5/15/2008 21:46,35908.72
691,,Castaneda,,Female,100039,3/31/1957 19:23,12651.46
692,Reese,Forre,rforrej7@newyorker.com,,127508,,
693,Gabrielle,,ggriffej8@surveymonkey.com,Female,,3/16/1978 19:01,7628.88
694,Fredrick,Reeman,,Male,95752,11/18/2003 6:58,77732.28
695,Carlos,Keough,ckeoughja@pcworld.com,Male,22487,12/11/2013 10:47,67003.44
696,Harlin,Whettleton,hwhettletonjb@wordpress.org,Male,67100,12/14/1964 4:03,26484.76
697,Norina,Gotobed,ngotobedjc@illinois.edu,Female,106852,7/8/1900 6:23,5268.28
698,Briny,Escalante,bescalantejd@parallels.com,Female,160636,4/3/1933 14:56,23379.19
699,Grantham,,gmccormickje@ft.com,Male,3694,9/6/1923 9:47,12209.34
700,,Trayling,,Female,3610,5/10/1981 23:23,69338.45
701,,Boness,vbonessjg@bizjournals.com,Male,155508,7/25/1914 22:24,20269.2
702,Thorstein,Villalta,tvillaltajh@howstuffworks.com,Male,24140,,9613.48
703,Desmund,,dlarticeji@netscape.com,Male,193662,5/15/1990 13:37,32282.09
704,Thorin,Franceschino,tfranceschinojj@google.nl,Male,98539,,57429.3
705,Guendolen,,gmclanaghanjk@paginegialle.it,Female,6674,1/11/1911 11:31,97426.79
706,Clarance,Iori,ciorijl@sitemeter.com,Male,20418,5/21/2007 15:28,
707,Serene,Stelljes,sstelljesjm@tripod.com,Female,58833,2/26/1965 10:32,32414.15
708,Mady,McFarlan,mmcfarlanjn@mtv.com,Female,120429,8/6/1973 3:40,76867.94
709,Glen,Clayworth,gclayworthjo@nationalgeographic.com,Male,163176,8/15/1914 14:56,20696.25
,Pennie,MacSkeagan,,Male,,10/3/1912 14:29,68616.02
711,Morten,,mkhoterjq@hibu.com,Male,113035,8/19/1973 15:32,64211.88
712,Francine,Grinstead,fgrinsteadjr@cbslocal.com,Female,197623,2/3/1933 1:11,97413.85
713,Shepperd,Birtwistle,sbirtwistlejs@blog.com,Male,44834,11/10/2005 2:45,12624.44
714,Conant,Luckham,cluckhamjt@vinaora.com,Male,89110,10/31/1960 17:12,22141.11
715,Baryram,Whitham,bwhithamju@alexa.com,Male,198672,11/26/1935 15:18,16299.88
716,Jdavie,Brearty,jbreartyjv@t.co,Male,102663,12/7/1907 9:10,40826.36
717,Rayner,,rboykettjw@hud.gov,Male,137191,5/4/1986 9:14,37823.19
718,Minor,Letteresse,mletteressejx@netlog.com,Male,90391,4/21/1950 3:43,3827.15
,Yurik,Nyles,ynylesjy@usnews.com,Male,93524,3/2/2003 0:32,64627.44
720,Adolph,Crombie,acrombiejz@mozilla.org,Male,20940,3/28/1993 20:06,8068.01
721,Tedi,Capstake,tcapstakek0@about.com,Female,39624,5/13/1941 5:56,39292.93
722,Tamiko,Dobson,tdobsonk1@shutterfly.com,Female,100351,7/29/1973 6:57,54034.68
723,Nicolette,Queyos,nqueyosk2@cdc.gov,Female,49409,5/9/1935 9:41,
724,Stefan,Keddle,skeddlek3@cdc.gov,Male,,,85274.02
725,Randie,Astley,rastleyk4@zdnet.com,Male,15039,8/25/1960 9:36,11690.81
726,Donnie,Fidian,dfidiank5@chicagotribune.com,Male,14250,3/11/1979 17:58,68011.83
727,Nanette,Tills,,Female,101880,7/8/1925 12:58,45109.09
728,Caressa,Bernardos,cbernardosk7@youtube.com,Female,14732,9/26/1958 22:33,4482.46
729,Stinky,Welton,sweltonk8@discuz.net,Male,194340,6/1/2006 17:11,68555.37
730,Sandye,Tompsett,stompsettk9@photobucket.com,Female,132501,,
731,Ewart,Doyley,edoyleyka@dot.gov,Male,118979,4/17/1911 6:57,9349.87
732,Barbra,Dearell,bdearellkb@wunderground.com,Female,,7/17/1903 5:44,
733,Ree,Braban,rbrabankc@phpbb.com,Female,36230,7/31/1998 4:28,43543.12
734,Tamqrah,Eyam,teyamkd@tamu.edu,Female,143454,12/23/1968 4:39,40378.88
735,Reynold,Beebe,rbeebeke@odnoklassniki.ru,Male,121408,7/14/1940 18:04,60913.92
736,Torrin,Etherington,tetheringtonkf@fotki.com,Male,158569,,54076.17
737,Brok,Snassell,bsnassellkg@army.mil,Male,71909,,86407.85
738,Ame,Gethyn,agethynkh@un.org,Female,122567,8/12/1950 8:30,32680.61
739,Constantina,McGillecole,cmcgillecoleki@mtv.com,Female,156209,6/11/1902 18:39,55816.16
740,Garvy,Giffon,ggiffonkj@angelfire.com,Male,163494,2/4/1939 13:16,40109.35
741,Alisun,,awiltshawkk@mashable.com,Female,174621,7/4/1987 10:05,25038.58
742,Paula,Skatcher,pskatcherkl@discovery.com,Female,70035,12/2/1996 7:41,25485.46
743,Lona,,lgallamorekm@blogs.com,Female,,1/24/1914 10:44,19816.65
744,Don,Siburn,dsiburnkn@marriott.com,Male,140314,2/16/1954 6:14,
745,Adrien,Burnyeat,,Male,125611,4/30/1915 20:40,45884.81
746,Koren,Discombe,kdiscombekp@myspace.com,Female,18279,7/18/1908 13:47,62446.06
747,Amara,,avarneykq@scientificamerican.com,Female,42395,10/13/1912 14:38,26875.56
748,Courtnay,Giblett,cgiblettkr@loc.gov,Female,161287,6/25/1965 22:15,50347.73
749,Ambrosius,Adamovicz,aadamoviczks@mayoclinic.com,Male,106520,4/17/1906 7:18,27340.31
750,Dorolisa,Kwietek,dkwietekkt@home.pl,Female,190918,,
751,Cy,Denington,cdeningtonku@washingtonpost.com,Male,11562,4/11/1993 15:23,71604.16
752,Arie,Eager,aeagerkv@alexa.com,Male,136166,,8413.92
753,Griswold,Kocher,gkocherkw@cornell.edu,Male,198688,10/9/1934 19:59,
754,Flemming,Heape,fheapekx@apache.org,Male,169236,7/18/1958 3:21,60424.22
755,Viki,Brambley,vbrambleyky@ning.com,Female,57417,4/24/1905 14:54,95722.89
756,Codie,Franks,cfrankskz@angelfire.com,Male,68982,7/5/1993 11:35,45085.76
757,Mollie,Carragher,mcarragherl0@google.com.au,Female,131380,5/16/1953 1:20,5398.52
758,Stevie,Detloff,sdetloffl1@hibu.com,Male,117404,2/8/1945 14:26,49801.8
759,Glynda,O'Day,godayl2@mlb.com,Female,166102,2/25/1934 0:54,37827.32
760,Gerrilee,Dryburgh,gdryburghl3@freewebs.com,Female,189734,,25698.49
761,Gaylord,,gscopesl4@umich.edu,Male,20501,2/26/2018 12:25,55363.03
762,Tiebout,Tole,ttolel5@sun.com,Male,62786,,84982.48
763,Karna,Coatham,kcoathaml6@1und1.de,Female,23534,,75024.18
764,Emelita,Grieves,egrievesl7@bigcartel.com,Female,154660,,24445.86
765,,Shields,,Male,54012,5/5/2012 7:11,71047.84
766,Domini,Sepey,dsepeyl9@tumblr.com,Female,122988,8/11/1970 23:58,1362.78
767,Alisa,Woofinden,awoofindenla@sogou.com,Female,4164,12/2/1941 1:08,87929.96
768,Charlean,Beveridge,cbeveridgelb@paginegialle.it,Female,,1/28/1962 15:01,91314.34
769,Bekki,Fer,bferlc@google.co.jp,Female,133786,10/9/1914 2:34,70714.98
770,Durand,Skottle,dskottleld@cisco.com,,178390,12/14/1977 11:58,84035.63
771,Hadria,Wimpenny,hwimpennyle@mashable.com,Female,102644,6/17/1985 3:32,92082.94
772,Constanta,Bainbrigge,cbainbriggelf@odnoklassniki.ru,Female,135962,1/9/1973 4:11,14414.9
773,Robinet,Whitwham,rwhitwhamlg@hatena.ne.jp,Male,2256,1/10/2003 0:49,5239.98
774,Shelton,Sommerly,ssommerlylh@aol.com,Male,120263,3/14/1958 18:41,38174.7
775,Brandais,Comfort,bcomfortli@parallels.com,Female,144838,4/7/1935 11:27,72249.67
776,Yvon,Hearnaman,,Male,46572,10/1/1902 5:05,25032.35
777,Inessa,Cassedy,icassedylk@icq.com,Female,116817,12/17/2015 8:08,86088.99
778,Sybille,Jina,,Female,107753,3/4/1976 7:07,27028.12
779,Nikita,Baress,nbaresslm@ycombinator.com,Male,164787,7/10/1900 1:25,31373.09
780,Cole,Seaborne,cseaborneln@forbes.com,Male,114173,2/18/1911 19:03,18574.93
781,Alethea,Reinbeck,areinbecklo@hibu.com,Female,9548,2/9/1927 16:25,52958.42
782,Thorin,Raincin,traincinlp@buzzfeed.com,Male,178476,4/26/1902 4:33,36358.01
783,Johannes,Early,jearlylq@oracle.com,Male,142077,10/23/1919 15:28,25408.99
784,Meade,Ciobotaru,mciobotarulr@is.gd,Male,176879,5/11/1942 8:00,13340.82
785,Junia,Bridgewater,,Female,99266,3/9/1927 23:04,
786,Britni,Coopland,bcooplandlt@reference.com,Female,181955,11/8/1929 4:57,26473.14
787,Ignazio,Hawson,ihawsonlu@barnesandnoble.com,Male,,4/30/1949 15:08,
788,Torry,Florio,tfloriolv@un.org,Male,169572,12/6/2009 0:50,29141.66
789,Morissa,Brenneke,mbrennekelw@disqus.com,Female,2548,11/4/1921 11:33,94976.07
790,Reeva,Lipscombe,,Female,70513,5/18/1908 17:51,18695.2
791,Boy,Berggren,bberggrenly@narod.ru,,64047,8/20/1929 21:32,50583.07
792,Amalie,McIsaac,,Female,70845,8/7/1923 15:41,8318.06
793,Albrecht,Sailor,asailorm0@angelfire.com,Male,36177,10/26/1996 3:29,15467.3
794,Holly-anne,Baldacchino,hbaldacchinom1@cdc.gov,Female,149447,8/16/1979 15:17,95776.59
795,Harris,Welberry,hwelberrym2@aboutads.info,Male,167999,11/12/1915 6:35,
796,Dulcy,Scamel,dscamelm3@hubpages.com,Female,5216,8/24/1976 5:08,42931.13
797,Marina,Boatwright,,Female,193087,7/30/1957 3:53,63713.29
798,Barby,Glassopp,bglassoppm5@purevolume.com,Female,181038,10/2/2001 19:06,83657.62
799,Emelina,Turford,eturfordm6@purevolume.com,Female,25846,7/12/1924 5:09,74798.84
800,Perkin,Marchington,pmarchingtonm7@cornell.edu,Male,169102,1/17/1929 1:13,7357.66
801,Far,Cansdell,fcansdellm8@godaddy.com,Male,10671,7/9/1912 16:53,7290.45
802,Weylin,,wflewittm9@typepad.com,Male,1669,12/9/1900 23:59,95766.28
803,Cornall,Burchett,cburchettma@craigslist.org,Male,193964,2/18/1991 10:52,55959.68
804,Arty,Saltman,asaltmanmb@tinyurl.com,Male,4768,1/19/1992 3:32,98438.57
805,Annelise,Mulvey,amulveymc@admin.ch,Female,80633,5/25/1983 15:01,53857.03
806,Carlita,Tollady,ctolladymd@fotki.com,Female,116895,12/21/1950 22:36,68546.25
807,Teena,,tgainme@cdbaby.com,Female,148719,3/2/1966 20:57,
808,,Perrie,pperriemf@purevolume.com,Female,172170,7/15/1939 4:53,81175.18
809,Hercules,Pollington,hpollingtonmg@china.com.cn,Male,109,8/10/1936 16:43,57493.2
810,Malia,Metheringham,mmetheringhammh@wordpress.org,Female,111711,8/13/2012 9:46,78975.7
811,Merell,Hargie,mhargiemi@pagesperso-orange.fr,Male,3781,6/30/1996 13:50,91369.01
812,Michel,Durran,mdurranmj@cbslocal.com,Female,126386,9/19/1930 12:31,38485.51
813,Lesley,Ondrus,londrusmk@acquirethisname.com,Female,160415,5/9/1972 1:41,50924.6
814,Claiborne,Harris,charrisml@howstuffworks.com,Male,161921,12/27/1936 12:49,89804.31
815,Decca,Nevison,dnevisonmm@mozilla.org,Male,58100,6/19/1925 2:53,69189.29
816,Laurette,,lgoodanewmn@google.nl,Female,141092,2/19/1975 22:13,21753.54
817,,Tynan,atynanmo@yellowbook.com,Female,51319,4/28/1914 23:55,73569.13
818,Peta,Caren,pcarenmp@wix.com,Female,105397,6/19/1948 14:57,70207.2
819,Nonah,Tompkiss,ntompkissmq@vistaprint.com,Female,70157,12/14/1992 17:47,99046.27
820,Leslie,Lowndsbrough,llowndsbroughmr@vimeo.com,Male,60292,7/3/2021 14:00,97152.07
821,,Aronson,paronsonms@ameblo.jp,Male,32589,7/17/1940 6:13,30458.12
822,Sansone,Macknish,,Male,53696,10/11/1962 10:25,27348.66
823,Brunhilde,Postill,bpostillmu@addtoany.com,Female,16509,7/5/1987 17:05,6255.64
824,Hanny,,hfarringtonmv@symantec.com,,116813,5/9/2003 19:25,24492.81
825,Allix,Jerzycowski,,Female,2754,10/25/1991 16:07,95856.98
826,Jarad,Sharland,jsharlandmx@google.co.uk,Male,160943,6/12/1987 17:41,
827,Leicester,Van de Velde,lvandeveldemy@youku.com,Male,120070,12/14/1946 15:07,73245.09
828,Allyn,Rosberg,arosbergmz@nature.com,Female,190429,8/25/1953 8:53,34801.69
829,Alley,Frise,afrisen0@surveymonkey.com,Male,15284,11/16/1916 15:02,18817.24
830,Asher,Dupoy,adupoyn1@kickstarter.com,Male,,7/7/1999 13:34,99985.66
831,Fionna,Firks,ffirksn2@umn.edu,Female,,3/28/1916 18:50,49042.71
832,Chrissy,Langcastle,clangcastlen3@ucoz.com,Female,172609,3/15/1906 16:25,13533.61
833,Rees,Jaffra,rjaffran4@nifty.com,Male,37961,3/27/1985 11:03,32293.89
834,Nanon,Gailor,ngailorn5@ibm.com,Female,143013,4/14/1960 21:17,48315.86
835,Dorita,Senett,,Female,62273,10/9/2009 16:03,30506.97
836,,Bernaciak,gbernaciakn7@ca.gov,Female,,,97323.24
837,Celia,Davidof,cdavidofn8@cnet.com,Female,87043,8/14/1916 2:31,53115.53
838,Ev,Filoniere,efilonieren9@nydailynews.com,Male,,10/3/1953 17:17,48977.87
,Emanuel,Carillo,ecarillona@nasa.gov,Male,189820,6/17/1909 0:27,79173.86
840,Koo,Tyreman,ktyremannb@hc360.com,Female,134706,1/2/1970 14:03,2631.17
841,Allix,,apenhaleuracknc@nbcnews.com,Female,143772,12/16/1988 7:35,78332.26
842,Raychel,Jouen,rjouennd@technorati.com,,148409,10/31/1943 1:02,53273.32
843,Karleen,Goulding,kgouldingne@trellian.com,Female,61671,,21167.19
844,Geri,Simmen,gsimmennf@rakuten.co.jp,Male,112100,11/30/1965 1:35,22834.77
845,Zandra,Fielder,,Female,84141,1/9/1994 17:20,
846,Brittney,Levington,blevingtonnh@webmd.com,Female,104241,1/12/1928 11:40,67829.54
847,Ardenia,Jaffa,ajaffani@mysql.com,Female,27537,10/24/2009 2:13,19046.59
848,Luciano,Ludovico,,Male,118118,1/17/1949 11:16,61138.33
849,Jennee,Ballingal,jballingalnk@privacy.gov.au,Female,198873,,10658.73
850,Thorpe,Pea,tpeanl@moonfruit.com,Male,95694,,85612.81
851,Nettie,Huerta,nhuertanm@shutterfly.com,Female,54178,4/14/1942 23:41,19656.56
852,Martie,Rizzillo,mrizzillonn@stanford.edu,Male,23763,5/14/1975 5:12,
853,Tate,Phillp,tphillpno@gmpg.org,Female,99899,10/4/1946 0:02,7722.23
854,Brier,Cressingham,,Female,9486,10/27/2014 13:58,
855,Robbyn,Comber,rcombernq@google.co.uk,Female,144012,4/11/1952 5:36,48373.05
856,Erastus,Dawdry,edawdrynr@meetup.com,Male,31282,7/2/1988 13:32,19627.78
857,Millisent,,mmcguinessns@linkedin.com,Female,159278,,78152.84
858,Hobey,Dallewater,hdallewaternt@dmoz.org,Male,32113,6/12/1959 9:13,73116.02
859,Erna,Janosevic,ejanosevicnu@hao123.com,Female,133183,,74610.74
860,Gaspar,Proback,gprobacknv@hatena.ne.jp,Male,,5/7/1987 1:47,91856.71
861,Carolee,Churcher,cchurchernw@ebay.co.uk,Female,163583,12/16/2012 23:18,13207.57
862,Lothaire,Benck,lbencknx@elpais.com,Male,177054,5/28/2001 19:45,57511.6
863,Ysabel,Alphonso,,Female,109758,,62679.78
864,Kristian,Salmoni,,Male,166883,7/22/1906 4:27,
865,Robina,,rdicteo0@qq.com,Female,80821,9/28/1920 21:22,34579.19
866,Karlik,Dodridge,,Male,110230,,48653.43
867,Saunder,Mardee,smardeeo2@gmpg.org,Male,149613,5/7/2003 17:19,48006.72
868,Humphrey,Stovell,hstovello3@xinhuanet.com,Male,77295,1/25/2002 22:45,35345.58
869,Brandyn,Howen,bhoweno4@ox.ac.uk,Male,23899,,
870,Giacomo,,gwoodroffeo5@mozilla.com,Male,28646,,85475.13
871,Lazar,Ramet,lrameto6@51.la,Male,138070,3/23/1972 11:41,
872,Ellswerth,Hawken,ehawkeno7@163.com,Male,,8/5/2021 8:53,92676.37
873,Carri,Murcott,cmurcotto8@cdbaby.com,Female,111452,3/24/1947 15:36,8286.05
874,Sebastien,Vowden,,Male,154589,5/14/1972 10:29,28564.95
,Emalia,Burnyate,eburnyateoa@ft.com,Female,39368,5/9/1945 0:40,43914.08
,Gilbertine,Kibbel,gkibbelob@rambler.ru,Female,77224,10/20/1958 17:07,36659.04
877,Stewart,,shucksteppoc@buzzfeed.com,Male,131414,4/24/1920 10:10,
878,Adiana,Burnall,aburnallod@bluehost.com,Female,25763,11/13/1959 3:09,90301.84
879,Christy,,ckannoe@spiegel.de,Male,68192,8/28/1949 23:37,47595.09
880,,Doeg,ddoegof@amazon.co.uk,Male,139965,11/9/1901 5:22,28878.92
881,Ynes,Halewood,yhalewoodog@oaic.gov.au,Female,112745,3/19/1957 0:53,94904.84
882,Grantham,Paz,gpazoh@soup.io,Male,190824,7/25/1945 3:46,28636.87
883,Sander,O'Kane,sokaneoi@fc2.com,Male,174867,,7861.66
884,Royal,Cumpton,rcumptonoj@columbia.edu,Male,133920,10/28/1913 3:16,51911.06
885,Nan,Drewry,ndrewryok@illinois.edu,Female,23744,3/14/1940 17:10,1169.59
886,Trev,Fortune,tfortuneol@vimeo.com,Male,134482,5/11/1932 12:14,85487.21
887,Eve,Palatino,epalatinoom@accuweather.com,Female,63014,1/8/1979 16:28,14186.18
888,Whittaker,Grinyer,wgrinyeron@foxnews.com,Male,22004,10/30/1956 7:28,39607.6
889,Jo ann,Hansemann,,Female,154119,3/3/1922 10:35,61496.51
890,Torie,Dunstone,tdunstoneop@photobucket.com,Female,,1/5/1991 11:47,7140.82
891,Hollis,Bosquet,hbosquetoq@engadget.com,Male,180594,11/16/1967 12:16,
892,Orv,Renne,orenneor@yandex.ru,Male,6990,9/5/1983 9:31,
893,Garreth,Ludman,gludmanos@japanpost.jp,Male,149359,12/11/2009 22:53,
894,Berne,Buttrick,,Male,114293,9/12/1992 11:04,75542.53
895,Gwendolen,Bisatt,gbisattou@rediff.com,Female,,9/30/2003 9:57,
896,Nicol,Bruton,nbrutonov@4shared.com,Male,85665,12/19/1985 3:47,99581.27
897,Elaine,Ropp,eroppow@latimes.com,Female,121489,4/19/1958 12:06,2647.3
898,Sutherland,Arkle,,Male,,,59487.76
899,Leslie,,loakhilloy@sina.com.cn,Male,22018,10/29/1989 9:05,62726.42
900,Eilis,Bousfield,,,154593,,16943.9
901,Madelina,Nolleth,,,24092,11/15/1967 13:55,12674.81
902,,Merrison,,Female,144285,3/11/1907 14:00,29497.47
903,Francisco,,flyttonp2@tripod.com,,66284,2/17/1981 14:47,88560.72
904,Serge,Pestricke,spestrickep3@drupal.org,Male,54622,,14241.18
905,Bette-ann,,,Female,,,6153.22
906,Carmella,Chitham,cchithamp5@ucoz.ru,Female,137137,5/22/1907 0:58,10597.08
907,Goddard,Lude,gludep6@nps.gov,Male,111600,1/4/1959 1:09,77091.64
908,Nikki,Beaumont,nbeaumontp7@about.me,Female,44171,3/22/1993 4:00,94927.13
909,Ceciley,Gillebride,cgillebridep8@mapy.cz,Female,104712,,22801.78
910,Pammy,Aspey,paspeyp9@tamu.edu,,110294,5/19/1943 4:49,44406.94
911,Ardis,Omond,aomondpa@seattletimes.com,Female,13158,6/21/1919 15:10,9328.02
912,Bryce,Cordes,bcordespb@irs.gov,Male,14671,1/13/1930 22:29,22679.65
913,Ainsley,McRoberts,amcrobertspc@qq.com,Female,768,12/24/2009 11:27,45633.77
914,Roderich,Caulton,rcaultonpd@opensource.org,Male,58268,8/7/1912 8:44,6747.72
915,Franni,Chessell,fchessellpe@meetup.com,Female,101905,9/18/1973 10:14,99993.16
916,Dianne,Scrivner,dscrivnerpf@usgs.gov,Female,,10/10/2001 20:50,63885.47
917,Bary,Beartup,bbeartuppg@mail.ru,Male,28083,1/25/1968 18:27,63343.48
918,Hanan,Carberry,hcarberryph@sohu.com,Male,,5/19/2010 16:56,78151.74
919,Eugine,Francesc,efrancescpi@webmd.com,Female,119685,6/3/1926 2:09,83156.26
920,Angeli,Heber,aheberpj@imageshack.us,Male,14545,4/26/2017 8:47,45472.15
921,Alisun,Beautyman,abeautymanpk@about.com,Female,129023,,93847.6
922,Mikkel,MacCombe,mmaccombepl@smugmug.com,Male,77814,5/2/1945 23:52,
923,Thurston,Swinbourne,tswinbournepm@wikia.com,Male,,,
924,Laurel,,lkeatspn@nhs.uk,Female,178179,,8450.88
925,Vinson,Hamilton,vhamiltonpo@gizmodo.com,Male,181983,10/10/1921 23:09,88777.73
926,,Kamena,tkamenapp@phoca.cz,Male,165351,5/3/1988 17:44,
927,Gardy,Itzig,gitzigpq@mlb.com,Male,54336,2/29/2008 21:09,81851.97
928,Olia,Jehu,ojehupr@alexa.com,Female,161054,4/11/1906 9:04,85329.26
929,Augusta,Clemonts,aclemontsps@nih.gov,Female,,7/27/1931 20:04,63969.32
930,Barbee,MacRorie,bmacroriept@1688.com,Female,141809,2/3/1999 10:45,60939.92
931,Isabelita,Hummerston,,Female,76710,3/3/1941 3:38,11517.71
932,Chev,Comusso,ccomussopv@senate.gov,Male,66312,5/21/1996 23:53,72780.42
933,Vachel,Chestle,vchestlepw@bizjournals.com,Male,129399,6/2/1989 1:24,46209.57
934,Blithe,Fulop,bfuloppx@xrea.com,Female,,3/14/2012 20:36,34630.85
935,Brenda,Gilfillan,bgilfillanpy@mapquest.com,Female,78155,12/25/1903 12:00,66615.16
936,Jarrid,,jfairhurstpz@whitehouse.gov,,165734,12/21/2013 4:48,32849.16
937,Lorrie,Howlett,lhowlettq0@theguardian.com,Male,151969,1/5/1997 16:13,
938,Nikolia,Barzen,,Female,169644,3/30/1919 13:23,48198.91
939,Aimil,Ferres,aferresq2@gov.uk,Female,159379,3/10/1954 21:08,9516.36
940,Deina,,ddielhennq3@sphinn.com,Female,154312,4/17/2022 20:37,62644.11
941,Sigfrid,Marlin,smarlinq4@loc.gov,Male,79026,,44719.77
,Marlowe,Tomkies,mtomkiesq5@instagram.com,Male,109760,11/2/2019 9:02,60742.46
943,Cleon,Lendrem,clendremq6@joomla.org,Male,93369,11/18/1990 5:52,
944,Shirlene,Butland,sbutlandq7@shareasale.com,Female,197049,3/23/1953 9:47,92407
945,Freda,Hogbourne,fhogbourneq8@independent.co.uk,Female,161351,4/7/1972 6:24,1090.61
946,Denny,Devil,ddevilq9@indiatimes.com,Female,156470,3/18/1932 0:03,
947,Minda,Dikes,mdikesqa@mac.com,Female,152847,1/3/1911 23:55,84491.69
948,Daffy,Pearle,dpearleqb@furl.net,Female,83137,7/4/1903 6:38,39594.17
949,Auberta,Blaylock,ablaylockqc@webmd.com,Female,111904,8/28/2012 2:15,73160.28
950,,Milsap,imilsapqd@java.com,Female,71748,11/23/1965 8:54,80011.82
951,Aldrich,Chasemore,achasemoreqe@whitehouse.gov,,,9/18/1965 13:30,71759.25
952,Vassily,Baton,vbatonqf@desdev.cn,Male,173976,9/3/2008 19:56,64366.65
953,Adolf,Clandillon,aclandillonqg@about.com,Male,119398,3/21/1927 6:55,16678.04
954,Bren,Dowley,bdowleyqh@de.vu,Male,31999,3/17/1993 21:00,
955,Gaynor,Ferrer,gferrerqi@about.com,Female,165562,12/27/1976 9:14,20054.16
956,Francine,Orrock,forrockqj@google.com.au,Female,91526,4/14/1955 2:12,69850.24
957,Shandy,Roscow,sroscowqk@xinhuanet.com,Female,33759,4/16/2000 20:28,82789.29
958,Rosalinda,Thoresbie,rthoresbieql@jalbum.net,Female,14151,5/15/1908 17:15,
959,Gilberto,,gbehnekeqm@amazon.com,Male,112710,2/25/1937 9:29,80516.78
960,Albertine,Leal,alealqn@vistaprint.com,Female,49647,7/20/2019 20:00,23808.49
961,Dewey,,dhousecraftqo@wikimedia.org,Male,12287,1/24/1950 10:29,55367.24
962,Averill,Pescott,apescottqp@senate.gov,Male,72472,5/30/1921 9:03,1439.82
963,Sosanna,Keynes,skeynesqq@scribd.com,Female,105708,1/7/1937 3:01,12251.5
,Andie,Jeannesson,ajeannessonqr@mysql.com,Male,113723,5/21/1947 16:43,91579.25
965,Darlleen,Shildrake,dshildrakeqs@ow.ly,Female,7563,9/1/2010 16:30,38870.1
966,Julio,Fradgley,jfradgleyqt@pen.io,Male,34494,8/3/1914 23:37,
967,Kim,Brood,kbroodqu@creativecommons.org,Male,82916,3/30/1942 0:45,19613.5
968,Sharleen,Kennler,skennlerqv@dell.com,Female,191317,,35221.92
969,Berny,Stoke,bstokeqw@dropbox.com,Male,,3/3/2013 15:06,60734.16
970,Leeland,Whorton,lwhortonqx@skype.com,Male,55385,,84281.46
971,Kai,Mc Faul,,Female,103300,8/6/2012 6:58,98007.7
972,Chauncey,Nestor,cnestorqz@istockphoto.com,,129165,8/12/1951 9:43,33635.49
973,Timotheus,Ewings,tewingsr0@columbia.edu,Male,159629,12/22/1969 10:13,77139.14
974,Adelaide,Gerardin,agerardinr1@bandcamp.com,Female,131672,8/21/1918 11:26,37403.86
975,Karim,Kirley,kkirleyr2@phpbb.com,Male,117756,4/16/1931 6:41,81590.11
976,Alfonso,Hanbridge,ahanbridger3@webs.com,Male,199846,3/22/2023 0:49,6248.58
977,Marv,Bromley,mbromleyr4@washington.edu,Male,,3/22/1930 22:40,63336.02
978,Ines,Greiser,,Female,73642,7/14/2014 20:30,36624.77
979,,Rosenbarg,brosenbargr6@census.gov,Male,112742,7/4/1907 9:28,46528.02
980,Gun,Bicksteth,gbickstethr7@admin.ch,Male,98446,4/11/2009 2:05,1120.95
981,Perl,Beche,pbecher8@aboutads.info,Female,84845,3/14/1966 23:47,51819.11
982,Saba,Chilton,schiltonr9@devhub.com,Female,129928,,24955.69
983,Mariana,Artist,martistra@networksolutions.com,Female,6016,10/24/2009 1:13,78682.42
984,Ronald,,rdavisrb@buzzfeed.com,Male,192857,8/2/1954 17:04,
985,,Smitton,csmittonrc@mit.edu,Female,67419,7/3/2012 15:11,1789.97
986,Porter,Grugerr,pgrugerrrd@zimbio.com,Male,45360,5/28/1923 22:58,43252.51
987,Nikolia,Wein,nweinre@slideshare.net,Female,148429,12/6/2009 20:27,75265.72
988,Damiano,Goede,dgoederf@g.co,Male,108146,4/15/1941 4:23,27943.05
989,Gretel,Adamek,gadamekrg@skyrock.com,Female,80688,6/20/1909 23:25,22528.88
990,Zebulen,Fagence,zfagencerh@whitehouse.gov,Male,89405,5/8/1979 10:04,92409.7
991,Wendeline,Scales,wscalesri@sina.com.cn,Female,135500,10/4/1966 22:44,19846.75
992,Raymund,Maultby,rmaultbyrj@google.com.hk,Male,38924,9/27/1953 0:41,
993,Corbin,Breed,cbreedrk@google.co.uk,Male,45431,7/4/1902 6:42,
994,Fayth,Danelet,fdaneletrl@vkontakte.ru,Female,111915,4/30/1920 0:42,54888.63
995,Carter,Janos,cjanosrm@mediafire.com,Male,145539,11/7/1902 0:25,
996,Cos,Stokey,cstokeyrn@jigsy.com,Male,,2/21/1948 12:22,91024.77
997,Whittaker,Trousdale,wtrousdalero@phoca.cz,Male,120828,1/15/1960 21:39,
998,Ronnie,Boller,,Male,127849,6/23/2006 4:17,5520.47
999,Dwight,Kepp,dkepprq@icq.com,Male,175765,11/9/1977 16:21,56086.48
1000,,Bruhnke,nbruhnkerr@psu.edu,Male,197088,12/21/2010 11:32,
